106582	42128
211446	37142
319277	32594
11430	37028
231279	3771960
56249	32769
213819	31347
217715	31256
14104	117361
269109	33923
15929	43102
71091	33798
433759	38565
110829	40999
50797	45757
69478	326250
21682	34132
235574	40495
68292	43005
654795	36400
12209	35535
77891	32751
232232	326120
107522	31547
210711	33976
11551	42258
15569	32245
26611	326150
17268	41273
20932	41864
11364	38864
230249	36319
11370	37217
270190	43803
110446	31695
11477	35731
26972	2768853
65969	326235
27410	33103
74322	31880
108083	3885565
11964	45668
53357	39160
67863	43483
69163	40656
77573	32947
11837	40451
15357	42803
56456	36956
72368	318103
16001	42549
68021	42645
18451	43620
69060	31532
12988	41398
22038	326186
432530	32406
208795	35779
140580	34633
20535	39147
445007	37078
347722	34803
232491	35296
18016	32979
22324	32920
234889	43493
22408	34009
19704	32153
19687	40607
69263	34550
72201	39671
212139	34543
56055	40733
11514	40333
381085	42498
233724	32737
17912	2768680
74691	41919
102566	32645
52633	41121
68999	36975
56348	31703
102436	38581
216188	35407
104245	37772
234729	41543
53869	42501
12858	41432
434437	34474
229877	35609
14381	32974
13804	36309
56494	38614
245828	43590
70470	38283
15186	36076
16573	36810
229589	31194
84095	40670
21402	31016
70549	38978
12340	37387
74610	32208
27267	36784
81000	37860
217666	35156
114741	38248
21892	42944
19981	44783
58184	32966
24012	32674
13006	32627
14725	8674055
71984	41862
19762	36776
19821	43327
66865	35748
18035	34969
12499	33495
107995	34968
231997	37449
18203	37147
99982	40217
217864	32941
224907	35264
69192	35192
71916	35179
11821	48224
225348	41647
12317	41166
14598	32672
93834	42821
66455	40084
14827	36270
264895	33766
102626	44573
70153	37431
73327	37647
114863	43588
12466	32518
72778	32683
68151	39259
57315	31732
28185	34618
67181	33107
140484	36564
212647	40434
26356	42140
246257	42434
244059	33505
56457	33628
70432	43277
241919	32986
54397	34564
18569	32337
102644	33435
68737	37748
72584	35780
26554	34896
71745	35420
26965	35742
52615	48071
22021	32312
235611	43766
231464	42880
237339	43288
67678	42842
193742	38519
227292	39748
110876	32619
14056	39203
224624	32195
80334	32063
217410	43999
11750	32612
320840	36363
16870	35509
16569	39332
97484	34571
77583	39751
140740	38819
75841	43476
264134	41905
321007	35123
69792	44728
13206	34884
207304	34378
67755	35379
19070	35576
54631	44097
227715	37731
76357	317953
57746	3355150
18570	3355106
78914	32328
72590	39032
17308	37323
18637	46121
217664	43563
18647	38433
108121	33201
20878	41446
108077	42813
94244	45360
66679	37467
228812	34185
15574	40598
52064	32272
26371	36655
19324	42524
26357	31271
56273	40294
68832	38150
76687	42885
66464	41406
320191	35169
270201	41458
76650	32768
216860	39558
235072	35801
77721	3355089
227619	43436
77782	41571
66975	34373
56398	40695
102122	36988
80915	32963
27681	42572
70381	40229
11765	31842
52592	32243
68614	38984
70544	32101
56409	39226
14375	117419
271849	44052
18807	35384
14567	34264
27883	32319
218756	34005
225028	37203
67533	39524
70396	3355138
110651	33139
20907	42854
59010	38514
270627	40813
75608	35933
56491	31349
68730	33190
71742	41112
75965	36043
74117	38898
104799	43521
72461	35316
64659	117414
19108	39733
214058	38218
81845	36696
12572	31441
12583	37139
11797	36748
59047	40994
218271	42991
11847	46717
192662	40179
67618	317852
56068	42839
77065	39141
110809	53443
73748	34791
17420	36130
110119	41192
66855	38897
234356	36079
320951	42849
73736	46032
109093	40929
319446	35090
76781	42030
56535	39652
633640	38461
14227	41403
71449	35326
66163	49425
69702	43503
67456	31001
230233	41399
83945	48844
15112	3771779
57436	32001
67526	39383
66357	33554
101943	38093
20597	37884
56324	34505
15239	33458
94242	37537
26874	43772
74335	41746
12354	34786
109672	35688
78287	34110
231430	39044
217246	34805
14107	40191
66292	318249
22365	41153
11865	40162
59042	33908
110695	40097
70601	38291
74254	31043
208846	31075
20018	35196
226162	38095
210376	39026
211922	31450
11907	37288
71733	43688
17698	31816
229228	32504
66902	36955
71713	42593
66580	31083
329628	33627
15466	3885573
67367	40842
228875	38429
16430	33082
59054	32530
22084	40201
11605	36829
269513	37979
68001	50169
20005	34526
57749	34524
17116	44127
448850	36728
77031	33167
214895	42872
67299	33165
69241	14462484
14661	42832
68188	40709
78937	32315
66980	41522
83603	42658
69780	35890
76779	33142
100113398	37135
12757	40221
12034	46038
12156	33432
24117	31617
94062	32523
76784	43382
66489	31483
192156	32520
71711	31044
13660	41569
75747	37755
71679	42291
14681	36104
20649	40424
55943	39847
24010	41091
22213	44054
328845	44117
66313	36999
69726	44554
107767	32470
50785	42380
241274	31716
240726	34268
230649	42020
69270	38136
53334	248102
69482	32851
14057	40552
19155	38175
78833	31967
236900	35970
11980	36488
97086	33961
12827	33727
72170	43579
237898	40169
224617	35359
12819	38769
224630	40724
20529	31601
12321	38145
320209	31072
66648	39363
18518	326166
26425	35000
13830	38562
433702	44409
57295	39478
67439	36514
73710	41124
53614	39629
17330	31544
67871	39067
12995	48448
67889	32394
219149	318096
67899	34998
216443	37177
63959	33207
212508	42697
68366	40555
68778	31237
27409	42976
13185	40290
73674	35374
216292	3772719
56488	37769
27418	36386
218203	37575
66671	40429
66366	39657
68295	42189
276846	42979
102423	47718
224826	32687
54392	36440
67130	36159
69617	35475
225887	44207
74150	36725
238021	31717
14660	36396
13002	40459
51800	36251
19729	35773
68133	40349
231986	43694
16653	41140
319160	3771893
74781	38913
28077	39777
26905	41843
68142	42314
140499	42105
216151	33285
67974	34593
544973	3771959
320398	36788
326620	3771908
69694	35604
66998	32269
319158	3772254
320292	2768961
56274	37247
101772	42340
399568	39724
23807	37542
12704	39429
27407	32508
100756	31519
217734	31024
20116	43532
26926	33390
76498	43414
108946	33977
58249	40163
18007	36377
93734	2768954
74164	34888
66682	36641
224705	33774
66789	32479
76959	39964
109145	43166
20321	36768
20336	40712
68537	35145
229658	35922
268345	33599
208188	42523
319153	3772198
67619	31943
104923	326189
102058	43163
68038	34115
319159	3772325
58865	40268
625328	3772374
216001	33999
381511	31683
212517	4379887
100041230	3772519
97908	3771792
72472	45883
23827	43516
171167	34260
54151	38367
23970	42467
69181	3885567
670832	39480
70551	41867
217232	38798
12571	36854
327814	249072
66144	36731
110074	34529
108067	36722
100210	39504
56480	35329
20926	44000
53618	32122
70574	32652
53600	3355096
100683	35483
71116	42933
22083	38149
68055	3772305
59035	41219
68099	34654
319171	3772317
319156	3772509
69386	3772172
84652	37019
97114	3772421
59288	34873
360198	3772619
319148	3772518
14694	34070
71707	34961
12649	34993
56812	36797
17218	41296
12848	34225
69716	41013
17918	35680
18642	36060
66966	192528
268780	36771
68833	39364
234967	34160
18207	35365
64291	37825
320106	35911
72749	38865
11518	37230
11744	42492
22317	36080
67707	33703
320615	37176
272589	36072
319150	3772191
319157	3772113
72313	39122
268465	36136
320332	3772708
210027	42455
326619	3771854
15077	3772173
56508	35588
319151	3772189
233744	36333
27374	36809
70233	34432
52538	34313
53328	32548
76482	38734
170736	32990
211949	35478
171567	41174
69080	36730
66411	37244
224796	32349
78890	41148
16826	37837
102638183	36314
20933	31038
20624	43358
226278	40195
21351	37804
319642	35221
18786	43978
235567	35939
55989	33966
78689	37866
321006	37462
215951	36357
73834	44702
74918	41154
108155	35486
68250	246485
68259	35349
27393	39627
68165	39070
330836	43707
71817	38529
55988	41551
99152	45906
12790	36806
12797	42400
80280	246534
12874	30998
18720	37633
93684	39969
66863	31037
72399	42302
16911	34361
108098	3354977
214764	38997
106489	40280
20019	36617
67870	40630
170759	34546
320150	39747
56794	37285
77035	38097
58246	31553
12647	42249
27390	42449
69091	31144
230027	35383
108150	32836
84113	42883
11758	33493
214593	33477
68463	31222
234663	32057
80294	31098
233812	40181
234959	42175
68975	40696
66213	41288
81909	42618
269470	42196
56771	43952
327942	42388
54562	33130
50771	34736
11636	39396
109154	35375
80707	34090
66254	43429
27406	40131
104082	31155
76877	38209
59001	3772329
218811	33409
380669	38639
68634	43869
209018	38735
68695	43456
233805	36426
19335	40701
107182	41943
18002	35151
19416	38771
192292	40710
65113	326197
20698	326219
66343	3346177
232987	10178891
67673	42435
217310	36336
73078	41800
239706	40324
11757	42109
14904	37080
69597	39922
75062	40678
71947	33644
15550	37196
217337	39028
266781	34354
56087	43379
27973	3346188
12345	33346
114663	40347
12568	36727
83429	42723
104721	40457
73046	32410
19664	34881
52398	43990
19700	37132
59040	42845
101861	31793
58250	326156
15469	41295
50884	40462
67712	43353
66592	37807
67155	39744
64933	31647
14544	40528
65019	37628
22032	33638
76808	36985
19921	37995
11306	38193
19701	36602
72599	34750
21812	35900
66248	34134
66624	32095
75786	41952
213895	39904
66959	32888
71955	38750
56717	47396
66124	31560
69129	42751
20163	34774
27377	37636
70762	3355134
100048658	40959
228357	32552
20587	40657
68094	41942
67281	32446
226123	40627
20091	43768
67397	37206
20867	33202
217995	33960
23806	32796
69072	43691
105352	39517
56284	41028
67116	40967
233900	38652
75764	40578
74167	39854
105351	38094
68473	42634
15925	40248
59021	35577
71760	39530
73836	42115
73247	35880
20340	40382
110083	38226
67226	39501
74080	42987
433864	38303
68981	35713
319161	41773
218335	32267
238023	42178
66449	41937
64656	318977
66964	318095
69168	326121
77987	41891
66821	34360
11774	31381
272551	33641
98985	36494
76703	34296
11554	43484
26893	42661
109880	31221
106068	39055
242406	40622
107045	326262
381229	43269
69736	43040
76582	36732
231868	40257
71409	39561
20534	42244
666468	33283
59007	35527
71096	36848
66799	36129
74419	41027
229517	42950
67804	33560
72014	32125
20652	41033
69882	33300
19325	33025
56307	34294
386649	35674
59008	45574
232430	34371
12287	32158
14885	39688
110750	35016
12298	34557
12669	37892
74741	42904
226539	326155
233107	37456
67067	39656
227377	40608
70120	37965
210108	38893
170439	39860
327954	3355181
68202	39214
66108	40272
67264	31604
66218	34747
230098	38806
66482	33563
76025	41373
67581	33289
66048	42992
107652	33903
65114	37536
71780	35671
110842	36252
72605	31915
244548	40852
328162	43170
19384	44072
30949	34928
24086	318206
76846	39108
73130	32435
79464	40259
20088	37589
11764	32987
67337	43734
110902	42919
228410	3354994
18100	41364
68497	33377
53418	36585
230696	318947
207278	39052
20860	41098
56453	40399
59022	39842
218793	34487
67273	42591
227197	31762
20826	44173
26563	34367
53322	39978
20437	39884
67249	33750
75212	32765
21343	40134
67832	326206
11988	39662
80979	39996
20740	38231
20742	32746
14085	45577
14151	43757
76742	31493
14194	31605
16976	41205
320806	42670
54127	31897
66848	3772574
14688	32544
67674	40343
19345	33418
14683	37805
70310	38362
66156	5740853
27425	46069
57743	33905
13135	34159
234865	42680
234463	34327
54366	49713
67897	34877
223593	39766
227743	36604
69487	36552
72338	36038
60441	32375
66960	32885
225467	33704
18707	42446
233246	39362
66282	32440
66174	43276
77877	40083
78232	41866
66206	32716
66384	38815
67398	47251
20823	35305
107513	326234
66256	39768
243634	32148
14430	33935
17827	41152
72039	43750
103425	34388
74185	326264
54667	41469
240263	41816
16790	43444
17991	50178
69046	32513
225362	37643
21337	41286
226414	36420
56209	41997
13211	35523
52033	32753
229709	38342
67819	33369
67856	36926
227695	36042
18817	40232
223626	31541
241062	31487
83797	32268
67883	38911
192169	39687
13870	36654
68952	31965
22262	34060
110826	43515
22289	34377
270076	33911
14528	37415
72198	48782
59093	40436
640524	38418
23834	38989
26429	34794
74596	43950
23980	40779
13204	35654
12412	31834
11749	33019
56749	41022
245474	37873
110082	41171
13417	5740653
102247	37852
71819	38515
103199	33658
108124	40233
68904	44441
72748	31385
73288	37021
20866	32556
21401	34883
22318	38196
71986	33254
212167	35200
228071	38273
14115	43777
230582	32907
14208	35492
234069	39306
71365	40323
66340	251430
14134	36883
110196	36209
26939	40325
106861	35930
56389	34966
20910	38493
20924	53442
338359	40543
66757	42079
20930	44498
104174	41253
68299	33640
18549	43215
14751	35886
18607	38017
108058	43828
109054	38615
17688	39654
319152	3771723
12428	39340
18648	43447
264064	39157
18674	37297
107951	37586
100088	38669
56629	48228
269113	36360
13424	38580
13478	34711
77766	33775
116905	39317
66878	33693
72745	39250
21951	43095
227683	261607
66074	50363
66165	41690
142980	44497
52686	38197
319239	2768688
217365	43091
66400	39335
109658	43125
71617	41060
227399	33137
11491	43558
76890	41601
67556	37470
97212	34276
68184	32679
231086	37784
18746	42620
56369	32334
15233	34552
69185	43472
15288	46140
77305	34153
15356	33978
13001	32132
224440	2768998
18163	3355143
223696	38459
330662	42817
19046	44289
67728	41802
71910	40672
13495	42343
230857	33005
56187	40617
51798	33016
18632	36758
20917	44001
72151	34423
319154	318847
20916	41067
319155	318846
13166	31718
13195	35190
66387	32348
14265	37528
64213	40301
14272	33682
110606	41989
21982	8674000
20598	38396
66461	42807
70750	43043
71175	3355136
68970	41460
57905	40960
21915	37062
19052	45959
21770	42169
12465	36308
106344	32763
16434	33718
27029	42266
75423	38931
78943	42358
19084	40305
26381	38912
15931	38423
14735	39596
18759	47594
103537	34709
212989	53431
239528	36544
54614	33513
56697	34957
14428	44126
56632	32089
13480	35240
107650	45374
23825	34095
67308	38230
28088	35220
71302	32522
74577	41457
66822	39319
110959	35231
68423	37199
211651	2768674
140858	53428
237500	37401
234847	31253
14390	43236
319944	39164
18563	36020
353172	39644
76295	32610
21780	42433
104884	33530
14376	49953
66559	34428
71599	36339
66566	40326
83704	35111
66410	40279
245847	33026
108652	39914
102115	43740
66394	32819
15932	34544
66958	37249
66388	41877
26413	3354888
667250	3772032
74196	39998
69215	41832
224814	34140
11843	43823
109006	49424
71517	41043
209354	43549
79459	43183
13388	42313
433956	318680
66706	37783
269180	2768892
99138	34749
117592	35848
67563	3355011
78244	37992
78339	33109
68991	32973
216821	3772100
14402	32554
320183	41309
102580	43031
14415	38484
14450	33986
66882	40680
56316	38194
78771	37165
66983	43006
67164	40565
271981	31422
228785	36002
105833	37606
212880	32464
70415	42064
69692	33924
67228	31608
14630	248194
66606	31642
66226	39769
66622	35044
52174	34121
66617	36022
50529	34412
68631	32592
16449	43275
56207	39102
19156	43662
68431	33705
217473	39210
76400	40780
20918	38398
11778	43943
57296	39845
228850	31953
76376	45248
319757	33196
20662	34790
14590	317887
14113	37662
230935	36584
74600	41141
67045	43046
22763	39764
66419	41757
102141	31704
14814	31107
107732	33182
67448	31964
93961	34105
22390	33965
353242	40091
54624	40593
229503	35753
70047	40707
224823	41758
245866	33917
213575	34262
54673	37218
104009	36464
69721	35667
16881	37791
66488	37138
19355	33440
66193	34675
20955	36015
12928	43775
20979	33473
108853	34720
99730	35297
18969	43278
232449	36358
68017	42359
21372	33212
98488	36921
70239	35193
20397	46059
108069	43838
243328	39461
68636	42505
69957	42753
23873	36671
14823	35832
67630	38823
436522	39421
67773	31518
56526	42438
67842	35664
234582	33910
67893	43492
14718	36782
14719	33373
229227	35026
56095	32568
14784	36497
224481	8674019
226548	33467
212442	34106
65961	31447
28040	43386
228993	33650
56720	32026
227731	39415
21422	36064
224092	31097
103135	35893
74675	35546
100502841	42256
27414	33332
54723	44238
68796	34514
23885	35864
320534	40258
66094	35003
23908	44433
98956	31811
243043	42475
54195	43682
225994	38411
14923	39213
52700	43938
68106	37875
214459	38534
68205	2768949
192119	42693
236790	31496
338367	34445
18041	34613
72107	37295
74451	42254
67830	43042
229707	38412
66375	326177
68045	42129
116891	42005
66583	34548
21990	38121
13628	43736
20641	44668
19230	41719
20779	48973
67602	2768881
216805	38793
59012	40453
22121	40687
64383	42414
77626	41436
66245	39447
16508	40129
28114	45064
13207	38756
105638	41352
69587	48903
68876	35057
259279	48481
15115	32841
140859	42959
209027	42284
66055	38720
66307	37944
67282	34097
56447	39862
68816	38069
56737	38374
56361	42440
268880	37833
98417	33520
13353	3772583
76192	37200
20778	33219
13008	40849
66589	38613
72542	31143
66373	38693
320184	31980
233315	32408
26398	41020
24084	37663
67144	41677
218699	35758
433466	39514
240660	41375
71701	43710
224023	33049
52428	32531
110893	42481
14791	31387
330216	33846
71336	31007
433375	42092
320655	35570
71870	40467
66138	40952
218973	36551
667663	34012
66242	36570
68735	43609
70160	39523
234684	35875
67201	33076
22791	40332
23874	42888
76626	39919
57837	41597
98732	34626
433931	35685
68916	36954
11465	31521
100689	36632
72795	35172
30059	37478
30056	32294
320938	33465
56551	38301
26426	40282
12566	42453
26428	37970
71860	38761
16859	33162
21855	3355107
227693	192509
51812	38478
109108	36393
64340	32373
394436	35105
12068	40094
217011	33234
83409	37122
66230	37136
16650	40160
71268	32540
223691	39386
319822	36234
55951	42268
235459	42822
70729	39111
68966	33805
68043	33858
68018	38928
67771	33444
68089	33864
15260	31680
56378	41917
19646	41836
66628	34876
80914	42894
230810	34890
26562	40796
14677	38765
66494	35969
26891	35759
26895	35816
71927	39684
16875	38451
70103	326171
21856	42298
101206	32787
20773	34910
71702	38062
20524	38532
98221	36565
232087	48552
234733	3354919
106504	40165
269261	45329
19823	36246
66403	40141
19933	35453
140494	42216
226823	41207
319554	42526
16202	53573
68971	2768668
68758	31663
66713	32623
76332	41870
66399	35060
76709	35311
229317	40431
242291	32279
94230	44250
30943	42347
54683	3771951
26934	36538
52575	37124
72008	32533
20334	40694
99237	34778
20868	37893
68942	38599
84585	41826
217026	31026
16563	32049
16551	38135
17216	40973
26358	43244
246104	38169
69773	31319
237823	33847
448987	41935
19414	39158
11861	43771
56392	42093
77116	33845
28019	34752
71853	34976
56469	35927
54130	41566
69942	42397
22066	34991
20222	39456
26940	40732
52206	31835
15526	36583
26942	43239
69104	40556
54598	36475
18099	38890
50907	33862
66199	3885643
53317	32168
72098	32072
68095	37637
246738	33984
103784	39997
70375	40331
72149	3355135
68427	43533
68968	46719
56506	37363
12282	31215
233726	44747
64293	40560
226604	35561
278279	33276
105245	32124
231050	48775
215210	31270
56085	32977
117146	39035
277854	38176
104303	39745
68988	39655
27998	41270
116733	32777
67283	41316
64934	34287
21672	53578
67880	32880
338365	318916
210992	31899
17168	39550
94063	31150
67365	33653
18971	39746
30947	34787
18974	38661
18975	34792
20021	34796
66420	36160
67710	261631
72181	33293
69981	32615
67134	42633
74244	37141
69724	33213
69654	44086
56031	36984
66491	42942
100336	44748
17973	33262
329795	42443
18045	35261
170752	41678
54380	33709
77644	34788
228866	40295
320473	40950
223726	39129
100434	38523
217893	42843
68342	44228
12035	32297
68349	38378
12167	33753
20928	34350
68592	36143
20842	33974
211986	246418
22631	36059
67285	39331
217431	34839
15492	39918
27103	43709
15926	44291
56524	35343
17125	33529
18998	47080
51813	41801
72656	36886
19043	43481
75914	42499
72482	3771728
77106	42592
53381	53577
65106	35128
56443	34793
12974	31579
67681	36406
67381	38799
78038	59261
382384	42794
213391	42734
94043	37443
104885	42838
50873	40336
72503	38395
74551	37131
229487	42861
101351	33424
74616	40851
12211	41260
23790	35596
66049	39917
66797	39387
208092	37581
66793	31727
70397	38857
381760	41968
66385	42091
71957	43506
72569	40600
56420	45031
214704	42629
268656	36448
211673	34785
19079	35931
19357	3354896
75422	40096
56724	34306
75454	43569
11492	3772109
26451	33654
12294	36526
68675	41495
230872	42860
211006	40681
242285	35369
70503	36128
216825	40030
101985	41155
218035	3355130
12426	32860
26373	36381
71919	43958
26400	32256
56362	37742
22784	326167
225115	2769004
434434	43864
13200	31849
16412	44885
76246	37554
72736	37775
17423	38736
20833	37767
14160	34819
193116	43427
14155	37344
14221	37089
12468	41054
12464	34674
12461	31838
67963	33374
68044	32216
65972	5740475
66101	35571
53319	43944
56550	41785
231912	53566
53611	38085
67128	3355079
269623	5740811
232313	43008
19352	47757
20871	34504
20922	36387
52892	33711
56354	34984
665964	33629
110524	42836
237806	42485
56017	36249
64705	40675
71723	32933
71801	31105
72727	251900
66354	31840
72789	38785
109079	36587
77929	33643
100040929	31613
171286	31082
67671	3355144
54217	31009
13043	42491
109333	35950
75292	42203
50505	31373
19089	35056
67781	41529
73230	45280
68625	37582
332110	31877
14232	37144
14339	47272
11647	41135
14547	59173
14548	41991
54364	44392
14470	36035
74414	41542
224020	31247
16882	41518
12400	38198
64704	41756
107686	40781
78506	42357
71884	38370
21371	43737
67160	44791
16491	32780
225876	41090
50724	32664
230734	3772640
67898	36111
223722	39910
242362	33780
69912	42209
233824	43547
260423	3771771
26395	31872
269952	39097
231580	40527
17159	34437
224897	42972
18125	34495
22235	38760
105504	42863
18711	37033
22271	37644
56297	37236
19356	41779
19367	40054
68626	36086
27886	31780
67239	42183
75770	39732
71715	33680
27204	41247
74012	37850
57813	42273
21975	35236
22034	31746
56086	41844
22099	36110
234374	35917
14200	39889
26422	44531
235504	32263
71974	41837
71883	40988
16341	39877
52028	38780
27398	39253
72674	42656
223267	37988
228961	41587
320271	38695
75617	41343
330192	40624
60409	34197
17700	43811
212627	43637
269423	317860
70118	42180
54447	43618
14711	41561
66414	33443
67388	35712
14874	41132
14950	33227
20318	42303
22327	41365
20466	36382
69675	38326
209047	46027
93761	36390
66233	37339
76799	35987
18508	43833
234734	34156
76123	53569
66885	40059
56707	41530
13605	38879
11432	48445
14979	31289
26440	34726
19166	41531
14670	35338
19167	36018
26441	37378
234267	40383
26442	36951
19170	39855
26445	34999
26446	41079
545192	38801
223435	43974
55984	4379919
331401	326153
11468	40444
28000	37123
21376	318595
170750	35029
209497	35531
11994	43528
21816	34093
21823	38746
66656	34363
54325	40567
66235	44260
54342	43504
58875	37166
70757	34614
11480	41772
11545	3355109
56405	43575
11637	37834
19172	40639
19177	39628
19179	42828
19181	35701
103655	38074
19182	42805
19184	33105
14773	49045
13405	42327
69718	33236
22187	31564
26961	44251
94279	40080
103573	34167
223499	39669
228889	44087
330830	4379864
72475	42177
66711	38749
22070	41341
217201	31045
22247	42493
20747	41704
56442	39827
26431	36122
319481	34540
213484	41384
74411	318911
52705	33269
233065	34443
237542	42412
230866	40933
76889	32239
74157	31355
14884	36598
105689	32429
94181	41528
13383	32083
18160	37376
230751	36300
170823	246652
22275	35986
72723	34592
104086	36105
67295	36127
22436	41605
70422	32745
104444	42811
74374	41992
67542	35953
53331	36173
28030	34004
69116	46243
14534	39431
66603	40087
76408	34686
229363	45830
71238	42004
231225	42165
74763	39142
67422	31708
11564	42051
26430	31329
14084	36769
77411	44095
192136	42432
11815	33324
17025	39402
218832	32524
11656	37815
241490	38526
67417	39828
74585	43128
67669	38192
277463	31866
103136	36150
14651	40299
433667	37072
237868	38895
67025	37235
19934	31022
16211	35336
16647	34338
228355	32442
67019	32514
104184	31776
57279	33470
225164	39750
12662	37246
104418	31826
234664	39244
74682	38219
22627	42186
67163	33573
383103	39025
107829	37810
224143	326122
107047	42174
17346	44672
11739	32007
74370	31543
67115	38983
56505	53439
56857	37427
22225	38375
20539	34624
192986	31855
213827	45250
56046	38758
72662	42900
11845	36699
67553	35150
217127	43928
236792	35159
67876	35568
231630	33897
319934	41427
108682	32292
72047	39218
380921	5740362
224022	40254
70572	40581
11440	31767
69259	31110
16515	42770
68767	36311
16552	47216
381644	39647
16579	32071
77480	37433
68510	37840
13854	38846
56322	318636
51786	43426
75563	41440
66877	31208
19243	34952
384281	3772218
118451	33688
268566	30973
13871	37414
14043	3772101
244141	36909
60525	40348
74246	38076
224454	39399
26877	34107
22151	43359
226751	37858
215821	31537
234854	36051
268882	36460
66172	40042
56327	40993
109900	3771738
320438	34409
66715	36301
68327	41849
11977	32142
50721	41254
12040	3355069
24128	33964
230895	39448
20133	34392
192166	37026
76763	38668
52120	31423
66125	50007
269346	35915
223723	35732
19731	44115
17128	43725
252875	33399
65098	41114
16779	34068
241226	32661
226519	39118
192170	40987
70511	32916
74316	42926
245944	47942
227095	41869
14367	40090
252870	32169
69740	42663
75717	43434
66201	38204
56199	30994
14571	47611
67561	36199
24018	32379
67914	246650
14731	31517
110379	44437
80910	140439
15488	32582
230721	37070
11932	33952
224088	317815
231214	36982
12386	40517
101320	34831
71287	42360
11947	43829
11950	39143
67036	42671
381903	31623
17995	33852
24109	32541
67437	34314
11966	41550
328133	43786
623661	36795
80286	34137
20538	36849
94090	34453
107817	42616
237987	7354434
207592	34431
67988	39775
214572	37664
140492	31456
68944	35174
67005	3772344
319583	32322
16885	32207
217869	32566
211948	326158
17434	43017
66155	36762
57808	40654
66404	34477
216749	40393
20810	41167
29864	318246
23854	39381
66971	41271
68080	40857
75178	31705
75624	42943
403187	42826
268281	38715
71881	43294
319149	3772552
109264	43936
14228	47762
14120	35265
13180	43499
56451	38447
57357	34136
18749	34284
66632	32135
330171	35488
66335	36826
67457	43019
11973	40679
235582	33431
28080	41845
11992	36392
19895	246599
66922	38494
21338	43551
78891	43508
269523	36040
101744	32019
242474	40945
94067	37750
108671	41346
70829	36808
94352	37485
16971	35799
14251	36726
16974	44279
56217	44861
66241	40638
72113	37938
72982	33826
109346	326173
64655	43345
68298	43491
66525	31266
52513	33118
66612	40404
54451	42240
67041	38261
94249	3354992
320508	37298
217480	35738
70584	32631
223455	38300
230101	34835
74187	32581
217843	42310
26370	3355126
73086	39241
16351	34719
71340	39309
21973	35225
12850	44007
103733	35199
22171	33499
18408	31990
229663	38963
74148	36793
236285	32042
74256	34380
26407	42253
212528	34656
71765	31799
67768	3771966
18571	43330
104771	43748
231474	41784
12140	3772232
63985	34963
19165	40260
72429	32493
64660	42870
68705	41290
210529	34138
67290	38390
67554	39322
110173	40524
68818	33561
29807	41417
69706	34449
67468	31656
66249	33033
12845	33941
214579	43092
12892	44701
12896	38355
242202	35107
26433	39265
227290	39624
69860	319046
68079	41540
224742	32112
66126	5740664
76895	35051
19205	48571
16554	36718
104570	41675
636931	44653
15185	32461
20346	36846
56150	38656
28200	38598
100608	31326
20494	32621
56280	41293
20655	39251
67311	31500
67046	42869
211389	32878
67942	43693
107338	36337
98999	42877
17219	31603
17220	39014
17449	34414
69962	33515
69641	43218
170721	43872
67216	36045
13382	39988
99586	31858
107272	46391
71538	41541
104112	36760
20104	31700
11429	44149
58866	45368
27993	43009
207958	40402
11773	42642
229007	34324
232910	42525
17135	37336
76983	33434
68087	40846
242286	33679
21454	42649
72568	31153
228859	38596
67683	40377
94064	318825
67418	42957
72900	32740
67429	32141
66177	35592
30060	39435
70478	35511
72416	35100
57741	35386
70428	36289
13849	37181
50793	36454
52635	42929
13872	39202
11474	31166
242100	39064
216810	39093
217593	31020
69834	38930
11515	32485
102294	43663
13063	34996
13191	39536
100040961	37035
67490	40843
66897	32934
209586	318645
238831	37926
93747	36536
22166	34281
66884	31593
70349	32820
68477	37382
54170	35793
227707	38207
22342	43003
14187	39304
72042	32865
71099	33867
74114	43332
71310	40361
56738	39238
67790	31684
17768	47895
18754	43428
110749	36107
69028	38470
76932	41353
66383	41059
17713	36508
68294	42500
70536	40270
14287	32212
320560	38178
78697	38969
101113	33466
66460	41023
13665	32617
12469	35882
230967	35241
11800	35053
17215	31449
68895	38745
67609	38031
668173	38182
70560	39989
66084	32515
57757	41379
319734	34921
71776	42783
212974	34607
51938	40595
231151	40966
12492	37999
56533	37037
320119	42187
75465	36963
242253	38851
329416	8673992
75564	318950
329650	44830
75565	37429
18221	39879
14149	36203
14156	36887
66161	38889
100340	326184
71755	33421
103466	35984
23948	35997
12909	32678
76916	41720
108841	35704
66965	35234
20471	35662
13358	3772221
108903	33389
66401	318908
170762	34527
13629	35422
209318	40063
235036	42502
30932	43384
56012	46246
23964	40464
23965	32183
667742	34112
64085	43824
69035	36757
319845	37439
100900	5740624
213696	34872
67667	37585
12462	42029
53424	41871
50933	33397
66694	44390
225187	33486
53817	33781
30057	32081
53901	47384
70291	33414
13367	35340
207607	5740691
76816	41932
66916	32434
56715	38144
58244	40373
216877	34357
194952	35089
229543	3355010
67474	37774
67890	5740715
236082	37301
53382	38646
67657	32668
20563	36746
140630	33932
414077	38602
22393	42679
332175	33516
235386	35118
74840	41983
192174	35127
53895	34402
72322	32970
216856	40912
77407	33014
17288	32856
57753	40870
76299	32588
13494	36288
19087	36041
11891	31103
77038	40487
432611	39318
69893	3355158
74142	40138
54710	32918
69709	42014
67736	37178
67958	37381
13859	37961
22214	31728
76580	35170
17117	35337
67774	32145
17222	32473
211064	2768870
73942	34086
17283	33991
19011	32027
245670	41071
110532	31130
19819	35746
24015	39027
110323	32989
19876	33314
19886	32039
68275	40972
270166	42369
268902	37603
66945	37228
20425	31524
20174	40092
338370	45338
67332	36306
20787	40155
67475	38500
11409	42364
67661	38282
218138	33716
18633	40293
12521	39017
66585	33180
67836	34955
67848	40974
269610	40170
17775	50250
67345	38151
74340	42043
231874	38455
107568	33379
73830	37475
72948	39813
14000	35747
56282	44326
103963	2768916
20014	37029
76654	43240
21427	34516
109246	31540
74270	36580
22375	45399
67158	3772540
14625	38221
76577	35129
621697	43573
66500	41342
106794	32021
67049	37531
19942	43103
74351	35112
15110	34379
16649	41158
192652	34616
268449	38208
624855	34250
67440	31081
13486	34875
22260	35540
20181	31165
320717	38177
76894	41278
326622	31724
76987	34155
77034	33372
69372	34187
67724	31475
100710	36286
67955	40982
54208	42027
226026	326215
192289	42421
233489	40863
330355	32785
67943	48986
70208	37639
268890	5740590
72515	35885
74775	42956
68023	41282
67878	33859
71778	31873
100019	36268
268490	32167
68523	39221
109801	35656
108679	49077
59014	318016
94186	34096
53413	38959
14654	42350
20250	41629
216154	37535
338521	35670
71461	36283
70129	43440
26557	33944
11793	31666
242083	34069
69453	39597
99890	34528
78825	36138
66164	42963
64657	41838
70885	38444
96979	39856
102462	36976
327762	31934
171170	36945
97112	31195
11534	39479
235380	31557
19679	32340
209683	38966
11829	36236
140781	35007
76707	43901
19726	41266
269338	42192
11931	35408
19771	34022
105445	34030
16403	32275
59287	42964
70683	37570
107435	40716
100763	37876
54160	43717
56077	36408
71952	31374
93790	34681
71799	38601
55981	38446
67300	32537
227613	37238
18488	40553
67390	40132
77864	31949
217031	326128
66743	42690
71791	31506
66231	38033
192287	33350
223604	41125
353190	39957
67680	35590
21766	37697
66052	41340
78928	31772
58233	41646
78523	41859
19894	32002
19935	38302
66043	31950
11826	36237
14184	42160
54391	40936
26572	40308
69227	33725
228061	36669
66588	43165
56210	38079
74104	41925
74168	43268
24070	33717
67268	31554
18101	37004
20016	33712
13663	33684
18693	34677
71177	41971
100273	36028
26419	44801
66923	42954
16564	34422
68267	41448
241489	41760
71519	32858
73649	38286
232187	42517
54608	33532
56335	42844
68526	39965
110854	33555
78893	41552
99650	36903
12444	32551
56426	41876
72722	43132
12512	34211
76884	41861
216820	43502
329178	43324
70359	42906
67229	42285
67900	32776
98256	35724
93757	37337
242425	42561
76788	37121
15481	39542
56422	117365
230082	41973
216873	35323
20333	31030
18514	32567
243272	32273
100504234	35117
70300	34166
213081	37245
108888	53565
19063	31805
225055	41209
68203	41203
69906	35941
16443	35378
20815	36706
56317	31594
71994	38490
245537	42402
21753	36965
12857	35491
18741	43664
114716	36643
56412	37075
19989	34352
11532	41311
227682	35537
11549	43982
380614	40246
70294	41080
107271	39829
216134	39066
12361	42567
12181	37036
23992	34751
20872	40872
101358	37602
17721	192478
225651	34116
13972	36259
18704	39329
68776	34293
66237	42341
69719	32640
19210	40281
97827	41374
19212	41116
74645	246653
70296	38987
19255	38160
110960	45784
12919	43614
76826	35452
230234	41689
226757	40386
74778	33843
72508	38654
22388	39505
105372	31213
19896	39338
270893	31555
228731	3355151
99011	39297
382543	42676
214063	3354941
108687	31154
107476	35761
12971	32676
239188	39459
66441	37402
13990	34311
74255	42272
234678	38943
229644	34118
66967	34714
227800	38945
232333	43805
215193	37803
24075	33469
106564	42295
214084	3346192
72096	33504
13030	32341
13142	33955
20873	40384
68040	31600
13110	40161
18174	42490
13081	37163
56692	35055
23917	43873
21428	43293
216965	32948
21843	42848
56041	31698
27062	49968
218461	37741
232210	41083
106529	38457
66397	42615
71833	33131
73658	45380
102442	31800
70059	33836
17127	31738
17448	42185
51792	2768940
215051	42931
170728	33521
100504663	43438
12261	37006
107869	37143
66054	35507
12387	31151
170643	31290
234549	40786
66999	43079
75221	40996
67811	40655
109785	39434
320635	39336
14109	42470
11669	34256
67604	40557
56615	44110
21689	38653
66521	42875
14645	33172
360013	41955
217109	36831
60364	40642
19727	34326
22253	36703
208144	31205
66368	31175
101612	46662
67179	31649
66481	33487
108156	41279
77579	38001
17274	40168
27401	40548
28042	326259
14936	41823
210925	39763
13171	32441
57750	34488
13194	41611
226351	32908
105148	45785
28199	37329
71743	38647
68153	38527
19069	41562
67459	38824
59052	37794
18453	39651
85308	37635
22215	39266
329777	31163
18671	36582
383295	32295
18294	31806
66437	49892
233651	33245
66146	37410
12667	32498
69612	43529
20656	36878
13669	40563
77559	37435
71949	50392
22153	37888
11881	39994
140481	41126
73419	37514
19023	40224
211488	38901
108958	31775
15982	33489
330817	38917
217057	40814
75739	36176
11772	33211
67529	33971
72320	33714
80509	37305
97165	117294
53602	40186
67373	34226
23971	40167
70099	35001
230789	39069
12447	34924
11767	41150
50995	44496
56459	41532
231003	37172
27979	36981
56347	37005
55944	42789
72612	40718
66085	40587
68135	45682
328110	43399
54709	33710
229937	32211
268860	40188
75475	37569
26932	43312
18753	32191
19091	44817
68082	4379907
223774	41191
109161	31214
108699	31473
328370	31489
235584	40081
71233	38322
67747	39339
66176	43726
223921	31881
52856	34154
381917	38586
68077	31810
56495	35690
68995	31536
228960	33034
73916	33579
18208	32400
56208	42850
53605	37798
269378	32471
11853	36775
319322	33514
14020	32088
329093	31503
236794	33939
26394	59176
67153	32323
55979	32230
68777	35503
210044	40180
67689	45398
67241	42876
69713	43044
106248	39098
76293	36411
105014	31576
98558	40489
171212	38346
13559	35381
56075	43697
230801	44057
67895	37922
238799	38721
106821	40340
66753	34619
105835	41834
18475	32529
320011	40055
107358	38635
18479	44039
19878	43916
382030	39204
67834	32940
74133	34484
14545	38597
14697	31744
14712	53586
22782	38407
14806	42473
66867	37407
74237	32946
12039	41149
17156	31957
208228	34372
70999	43500
72828	42840
243881	41586
55949	45249
235040	41868
217082	45588
227696	41275
71085	36996
231326	34175
67059	31914
26922	36540
13682	33835
103711	40925
72421	34702
68879	40064
83814	39958
66132	31568
18534	37130
73024	36767
71147	40692
18538	37290
94192	34215
55980	40346
212111	326119
108153	31490
14976	40176
52846	37839
235169	49427
15572	33498
233016	41197
81898	33235
12257	33231
66942	42595
74559	40943
76563	42283
12289	34950
26754	42000
76938	3355114
382117	38692
269400	31497
17260	36032
54632	42056
24069	41565
73467	42221
18567	45021
18582	34196
230577	38331
85305	31904
56784	43242
208869	43404
16593	39445
75985	33988
56174	41863
236539	34554
360216	41179
72183	34126
75909	326232
18393	41703
18813	38645
211945	31031
226418	38603
66046	46260
214663	34390
208211	42146
320267	36889
16776	38723
72129	36462
59050	34419
17387	37949
319504	31792
226139	37809
16869	31813
240055	41085
18573	34594
70357	43126
14158	41118
14302	35524
20540	39625
20527	38109
68606	35126
56727	39391
15516	38389
110834	40521
17692	38779
11438	38545
11441	34826
11444	42918
69519	246548
69605	35842
319586	39527
192663	33636
28035	32881
16834	41479
56643	31341
107094	32320
223665	246389
214523	36214
225896	38888
270669	36262
56612	42647
70361	44679
60315	41078
338337	33562
72157	44010
320632	39737
12234	42504
20513	34251
20498	37800
17967	31364
244144	36361
18171	42993
69606	43699
12651	35417
72041	34302
79043	39738
56709	41707
69698	43756
69742	32342
69790	38078
436022	37125
23988	33111
67952	40189
56305	42306
13017	41602
18972	38228
319807	41953
18973	42758
27756	39408
102774	36167
225160	40723
381694	33844
239833	49580
20357	37066
67615	39691
114602	39481
12724	41428
70790	41181
12798	36468
83701	35539
216560	33349
12847	38199
69976	39031
12861	37728
70699	33002
433813	4379908
18673	49168
69237	35963
18700	37020
76974	246393
225326	37733
74195	33649
104776	30995
17535	34565
93765	34849
18198	36445
76187	37551
67292	38410
68877	3354925
327987	43906
19125	33117
19330	44360
105440	40558
69804	34965
67219	31140
69806	36273
68732	35715
269629	38251
69310	37248
245841	40415
69920	41741
20022	35043
77772	39492
228966	40102
230379	250736
21645	42123
381489	5740505
67564	38203
69802	33776
246782	35399
70807	40841
100503085	35084
16571	31240
18803	32601
80743	41107
114873	35652
226432	41367
381314	39762
22190	38456
68291	37571
18107	38909
269966	42816
320129	3355013
233802	38533
19651	31027
68032	40505
72145	33819
65246	118436
94219	5740320
94184	33108
21771	39774
631797	39016
19060	49779
108079	43904
19092	33253
224671	32000
27078	41888
110611	37116
23958	36702
13209	34364
59026	32510
14396	39984
65102	34970
16559	43820
66317	41226
215015	41797
17920	42889
231659	3355040
368202	42016
100737	40231
107260	34384
22598	31317
100978	38518
70337	39242
192197	32136
71529	37552
18655	33461
20508	42795
67466	39694
27359	3346167
81896	38957
13368	34734
18000	33114
14399	32553
226791	41304
105000	35962
13434	34632
14658	45910
241308	36881
21991	43582
20017	33210
72175	38813
170731	31581
16418	37776
24127	32935
242585	39943
108664	34997
18845	43832
230584	32244
216705	42632
19056	43670
246710	40249
215194	39382
18795	33204
102747	38582
23989	38914
110816	36144
98682	36634
69123	38100
56503	34874
67936	41419
19400	43800
213464	40239
244672	32490
53951	40871
665119	33899
20832	45680
68795	31713
56705	36102
13169	39520
14423	326151
226591	33018
26397	32257
78797	38956
19719	40314
20084	37292
12748	43415
66522	251690
75812	39757
320506	41123
72477	33347
22088	39881
22321	45783
112403	2768882
74197	39313
18798	31376
26912	39333
232536	38345
29805	326127
66812	246533
15552	42452
668158	33509
15562	42652
15566	43669
27366	33645
68479	33909
78933	318558
16518	42742
102339	34442
77582	33900
66413	42641
74111	39119
243853	37375
52858	32506
22114	42233
76947	32151
68098	33901
69900	41538
52521	32770
56496	36230
67980	33783
21916	43633
71151	37511
11488	32561
58911	38022
57377	32073
246703	31944
24061	42853
11735	43770
381738	31736
226153	34307
72726	319048
227632	5740325
78245	34111
12534	34411
13877	43951
66841	36031
74205	46068
12955	37744
67493	36680
13482	33810
67873	43713
14657	39054
68607	33265
22348	36574
67877	32962
69757	41261
69162	35877
76737	33166
140498	43098
22158	37400
22239	246614
100503670	3355124
11819	41491
11834	41437
60507	33307
67923	37237
60530	33544
30045	43630
22232	31255
30839	33854
21676	32536
110213	38936
66590	31740
19941	40060
103978	39013
108837	36824
269941	32497
319448	34987
17904	31474
18669	36428
74122	38881
69833	48312
386612	39394
75406	32565
66530	37148
13508	2769008
225020	31179
60365	35924
102448	42047
22410	34011
319638	38148
71902	34403
57815	34680
11937	49297
56773	33914
72772	38807
73095	42429
19360	37564
68118	32871
65967	37444
21418	40398
54152	36303
27061	38096
320714	38391
70495	41104
74407	37518
76688	31841
21681	44029
28084	35847
226499	39420
14252	32425
14300	40228
14852	34658
74098	36459
76425	32852
108148	33556
109697	34297
68505	37156
109593	32846
20135	36280
101490	42545
13361	42003
54616	37198
13593	45318
14810	40665
277328	39015
75704	31352
67634	32260
101314	246497
67023	39051
70312	33043
12301	31597
105501	35733
109934	5740235
276952	40652
246196	37659
107328	318833
69956	36466
12922	36601
13033	45268
66445	38612
320685	40222
20496	39410
11565	42466
20608	40019
50850	42846
72825	33689
140629	43611
270672	42366
76768	43671
79554	246587
192176	42066
415115	37959
12460	46035
13009	37853
19671	44002
56444	32969
66629	33402
56298	42934
93683	35569
71146	43192
14248	33110
63856	32792
13528	36362
83493	38137
268782	40492
67035	38643
98710	34142
19359	43785
17350	35796
223646	33626
72787	42825
229524	33119
16785	31106
101148	37934
228662	42089
22687	31851
16497	31955
99512	37801
224045	31156
67204	39433
16828	45880
108012	42835
20901	37727
74375	41350
72124	35762
14362	45307
22248	31664
11611	31587
12457	41339
67467	2768669
12614	36125
12411	33081
12752	39981
381038	36281
69727	42702
216578	49636
76813	37084
99382	2768995
71954	32954
17913	38153
27392	36049
98386	37482
20818	47283
17685	34842
18128	31293
69225	40085
17777	35362
75665	39537
78929	39310
19891	35364
353258	36146
66480	3354918
66596	32663
234736	39874
16898	34309
78294	34420
17921	34882
226861	44098
20280	44183
269614	33742
69923	326168
52348	31006
216344	3355163
54393	34878
66446	36766
104346	31321
214498	41086
230796	37073
17716	192473
17705	192467
14467	32573
59015	34549
78885	31620
17191	41151
17711	192472
74241	32259
17710	192471
71941	36563
17708	192469
18983	39366
17709	192470
17718	192475
17717	192474
59025	34387
84092	42509
75320	32585
12764	317923
30931	31399
66826	36405
67180	34696
68897	44274
21969	32458
17939	34355
27419	46386
68073	42519
19206	35851
100087	31160
67089	31567
27225	37296
18015	43149
20408	42265
67205	31812
19342	36992
381045	40159
18145	34358
69940	39940
72502	36208
20643	34080
110208	31185
14533	246439
21976	31565
216225	326229
63993	42245
18968	42553
14629	53581
67383	31158
380660	42901
22201	35998
234388	42286
11949	43507
11975	43442
70285	34631
110006	37197
13196	35783
16867	42133
13350	44887
208715	44154
75735	46234
22019	36444
72886	36789
320707	43787
22027	43354
18242	40145
320634	31157
72162	35339
18478	38871
101489	31874
16560	36876
69683	40396
68770	35583
20751	31781
79560	42726
18624	47769
67857	31582
17169	2768852
19139	39132
71712	31177
228368	40981
27397	38046
229906	34430
235339	34021
23894	40509
69536	33902
170718	42586
66926	33920
109275	42173
101592	39834
69961	35574
232975	48971
70225	36108
67420	43420
104443	42530
245522	32684
21853	41615
235534	33396
382427	39661
380752	39426
22122	37638
66827	41993
100037258	41161
103737	33256
18634	38994
66700	40542
110094	31839
102093	34114
102632427	37137
320554	31520
70430	35532
70835	35908
104458	32539
66674	42158
18293	39899
330908	33795
108755	5740848
216987	31833
20187	36436
105513	40250
209357	33294
214901	44637
72308	42087
114304	35914
233781	38288
74143	36578
16993	35146
69684	31318
20316	40637
327900	40647
67976	41603
71206	31308
67726	41907
15445	40263
234724	32381
21810	41455
22276	31817
15525	39557
14148	38530
226407	33338
22590	31357
75669	41096
209692	43689
15510	32045
219024	39168
27357	37419
170625	39136
327951	33637
233870	44438
71787	33652
54124	41034
21907	33823
216131	41833
58202	31681
81601	31362
108989	36264
54128	39436
66834	38325
71854	5740513
19775	38666
70024	35390
20646	34426
66181	36135
18750	48311
52432	47877
192653	39507
22200	36539
22192	38916
81500	43034
70834	43905
15388	37254
14664	34046
56716	31903
67582	43101
11632	32144
68263	43437
105083	34286
67841	40044
66369	32377
54486	36927
66059	318747
71562	33907
67006	43459
71706	32401
228545	31118
16897	33156
108911	33850
67078	39986
233276	32478
66044	41371
68953	43164
74006	33445
19044	42939
98766	37261
19211	43991
22234	37516
227674	32725
67003	39846
19286	35292
22334	34500
19302	38941
97122	3772096
68666	37830
140919	33427
67074	326157
54563	35512
78796	36623
68646	35918
68572	34446
20500	40049
20020	32100
226182	47900
231329	41721
18984	33883
24030	31228
19035	37591
67028	40036
74309	42985
72244	31119
66541	32505
20614	41193
98267	32097
213539	39679
66467	7354403
100201	40491
52530	44005
69408	41351
268752	34425
67387	41029
19305	31141
110391	39050
66246	39811
76522	38229
223693	38185
27096	39090
19173	45269
19185	40388
80517	34065
76510	35325
67057	37601
329165	41718
230103	41927
69527	40932
69663	39871
83431	39169
19075	38942
19076	44915
104111	35419
75692	5740468
109674	32352
230737	36989
270066	33128
72654	43556
73373	32967
66676	32140
16323	43826
100678	39085
16329	41701
277973	35376
72354	35565
98314	31184
208836	35895
76980	34002
75578	38473
232906	32743
59005	36197
56404	33044
208084	33567
353156	38540
83703	38900
66642	41068
24052	31129
66646	35692
19298	34630
30956	34064
59028	32338
12793	34967
109689	53554
216156	31146
67231	3355139
108147	42973
11946	37617
114143	45247
74277	43290
217737	35426
105278	42562
66362	319033
214189	36905
27367	41347
67891	43349
74257	33838
72194	36244
76238	40708
271564	35693
78783	35648
16392	35147
102216272	36379
67665	35709
20115	43594
269878	34099
72935	40530
22417	32838
56433	33295
80911	33898
114893	39685
65960	32160
66720	3354863
70383	34394
98258	41305
18826	32721
67588	39735
208624	37754
27984	35158
217012	44910
53414	31701
191578	38905
19366	33507
29812	37451
66917	42874
229905	41433
268933	43505
12450	43724
68219	39083
207704	35263
100043674	31014
78394	39979
229780	40782
73681	40564
68612	44118
19899	38794
75416	46201
94254	33261
75452	31261
75572	33763
13722	35892
19157	35425
320404	32285
16438	40664
213326	43423
14593	38816
56357	38979
103468	34481
22422	35975
55978	246616
56371	45922
70425	49701
226089	40456
66763	36121
70178	326251
54369	32396
63958	34699
227835	32542
104718	48387
78830	43616
69219	32281
14792	40093
207615	42218
68922	37374
76792	32489
269514	32378
19718	38492
68193	34754
108943	33134
26896	38073
19946	44059
80733	39390
19943	38397
93737	32752
77040	326115
78581	33353
83669	32526
72085	32982
66492	38520
11990	43315
234594	5740252
211548	36053
68015	35559
66202	7354428
68817	32616
59029	33738
13479	43184
286942	41717
30840	36201
67095	45683
68845	34685
231713	42389
68493	41227
215999	59223
67727	38541
11898	40812
27050	42761
14933	43913
14211	36653
192159	36304
69109	14462485
218693	36913
69089	39222
67738	39121
16531	42940
20338	42806
108737	44233
22196	33226
66390	44132
104662	40360
331026	40599
225215	41372
67838	33220
66817	36137
58176	38589
68857	40873
75894	41092
66866	3355145
110172	42510
18191	42646
226025	36694
15183	44446
104015	37517
66320	36759
69038	39882
68375	37946
68598	42812
20103	32700
74996	38644
73666	40983
67097	43321
73694	41349
67054	32228
213773	36019
193796	35744
70527	43617
229706	37129
71781	38104
16470	36427
328232	33356
271842	34440
72026	53546
14183	39564
103149	40916
27207	36321
67549	36682
433022	35295
15473	34897
74097	3772007
13039	36546
18168	40754
18552	32604
17120	35954
22272	39950
68591	33045
67207	37413
103841	38243
76055	42518
107999	43081
76952	32822
20055	37580
66475	36576
70408	42619
210998	39267
71990	326208
72108	34109
67959	38173
14555	33824
108115	33927
17217	35679
65111	37563
627352	41850
70207	34374
216792	41030
56703	37118
67011	37018
27373	43673
214931	39311
66914	47408
266690	37227
230709	36908
433256	40056
56350	42580
106298	35454
235623	35529
66448	39477
668212	35865
77254	43217
75387	31480
50934	43265
319518	31377
74011	32764
74016	37069
74022	192507
320302	43443
78808	32217
66071	36233
66194	42106
66286	40815
54188	33259
71726	42078
64658	32395
11736	3355072
54196	35788
57874	34762
13167	38784
57314	32607
70567	34781
67693	41708
66070	53435
22284	43749
52715	34241
214899	33837
67043	41938
56424	34433
12283	39858
103768	33501
14089	44297
66136	42563
218343	35921
319953	326203
230673	42171
56323	33308
75425	41189
17436	47173
23996	32047
59053	43180
52502	39875
59045	37927
66212	46080
224129	39835
214987	3885640
22230	39254
104416	36794
13205	45826
67106	42551
217449	40296
76479	7354399
14083	37233
68183	43348
67465	42048
59003	326135
71805	41804
70247	43449
433968	43739
78618	42735
21762	40174
213993	39810
22123	35176
50868	42062
17463	37894
17847	42935
20249	41536
106633	33230
67151	41672
76773	36743
69077	36638
66997	40717
20226	33518
22420	34010
228769	36277
67844	35940
76614	42587
66053	36820
66790	41960
209011	43433
68137	34427
56428	38026
108902	37861
94223	43728
106869	37751
52535	34323
15204	33035
241612	37294
230125	43574
12162	37778
23808	42936
13602	43230
77605	43229
234825	39437
227659	36248
69190	35897
11840	40506
108089	36131
23997	42802
12398	37886
545085	37768
19192	32274
76559	38344
16588	40242
74319	41951
209003	35268
64050	33973
21821	35414
56248	41318
17719	192476
16865	64874
233913	35124
116870	40693
11972	31342
70052	39955
70767	40172
108160	43347
66810	40529
330450	36860
50849	38181
103140	32299
75964	40140
19258	38059
19247	45278
208440	252479
331487	38655
70497	42371
53323	39133
67846	36562
15254	33471
19263	32115
433693	38821
14828	32133
102632383	39539
74455	40507
219189	53434
223658	53436
74467	33178
212679	41733
56032	32677
140486	32009
56418	31706
11652	41957
68603	35255
225998	36073
20610	33981
268822	39260
68052	34149
66661	42439
56463	38045
116914	34679
234814	40559
223753	40640
66687	33184
30049	44006
11555	41549
27966	3346176
20972	36533
66244	43018
12725	39759
14732	43350
73582	35309
620246	38539
235505	34045
74934	34014
78586	42669
216853	33865
17299	31176
74549	41830
109075	34721
217430	38517
58523	36123
69955	36547
93687	32221
66109	43241
215095	42895
16568	38611
12539	38232
328778	40359
14042	36614
68347	50438
74519	32857
51797	39645
14894	34429
228608	41026
319415	37161
238384	40551
12331	45233
19299	32992
380839	45041
56454	40443
68671	34716
68961	32120
19309	33386
66840	41074
228359	39385
16871	35184
22428	35195
78651	37372
170835	36911
11431	3772179
101055837	5740259
13429	45928
56292	39175
217116	36593
20423	42737
235533	38364
12237	43490
15108	32789
70223	35194
225363	40240
11416	39876
56395	33904
226646	43798
75089	318872
380959	326193
19361	43577
75284	38538
12520	43127
231452	35925
12476	39995
66171	32013
217707	33777
23937	31533
20085	42830
67427	42464
51885	34441
28146	251645
69305	40711
22380	33264
12544	31052
50883	35288
319945	32240
226541	53556
382018	43841
14058	43007
15547	40074
216767	32662
30962	32397
66663	32094
215387	35287
56044	31332
109905	38244
75695	31090
12921	36368
77591	32742
218397	32569
240638	31198
70235	39502
22185	32602
27370	35098
20191	49090
13544	32078
237979	31017
20606	40020
218544	35052
27395	40261
67105	33772
