42128	11270
37142	11336
32594	23325
37028	51
3771960	60558
32769	93973
31347	64921
31256	8892
117361	2194
33923	57628
43102	3421
33798	8814
38565	3065
40999	3987
45757	9276
326250	145853
34132	7006
40495	27032
43005	201595
36400	56948
35535	680
32751	27338
326120	79885
31547	9718
33976	79892
42258	150
326150	5955
32245	1993
41864	6836
38864	34
36319	23392
37217	37
43803	2047
31695	38
35731	90
2768853	23626
326235	8029
33103	21
31880	30827
3885565	8396
45668	523
39160	8398
43483	8402
40656	65080
32947	65082
40451	6175
42803	3156
36956	86
318103	729991
42549	3480
42645	670
43620	5033
31532	5406
41398	1445
326186	5359
32406	107
35779	9725
34633	9844
39147	6522
37078	79902
34803	116987
35296	79912
32979	4771
32920	7409
43493	2977
34009	7471
32153	5976
40607	5981
34550	5983
39671	51633
40733	54676
34543	54862
40333	114
42498	55633
32737	440026
2768680	4430
41919	122402
32645	55129
41121	56954
36975	10393
31703	51144
38581	23395
35407	160428
37772	9152
41543	55697
42501	8766
41432	9377
34474	275
35609	5910
32974	2539
36309	2021
38614	9570
43590	58485
38283	58490
36076	3067
36810	3799
31194	58497
40670	55361
31016	6500
38978	83660
37387	829
32208	11194
36784	833
37860	23132
38248	11198
35156	79944
42944	7092
44783	6168
32966	9125
32674	6000
32627	9126
8674055	4036
41862	54938
36776	6014
43327	6045
35748	23203
34969	4792
33495	957
34968	991
37449	55033
37147	123803
40217	23028
32941	23186
35264	56931
35192	8449
48224	353
35179	11062
41647	134430
41166	811
32672	2678
42821	57161
40084	245812
36270	2923
33766	80221
44573	7867
37431	84267
37341	119180
37647	84279
43588	11212
32518	908
35526	653269
32683	79962
39259	79971
31732	9277
34618	9868
33107	23399
31552	8875
36564	23509
40434	8659
42140	3621
42434	124641
33505	1106
33628	1209
43277	55680
32986	57709
34564	9374
32337	27250
33435	220323
37748	23357
35780	8450
34896	8452
35420	8453
35742	8454
48071	23512
32312	8460
43766	5364
42880	246175
43288	84456
42842	27258
38519	7920
39748	58190
32619	6326
39203	2146
32195	57799
32063	80333
43999	28951
32612	310
36363	257194
35509	9355
39332	9371
34571	84342
39751	147111
38819	11231
43476	11236
41905	79989
35123	84947
44728	10001
34884	54514
35379	51202
34378	25831
35576	25843
37731	23404
44097	4868
317953	57570
3355150	55124
3355106	10016
32328	55191
39032	51400
37323	4245
43563	4247
46121	5202
38433	5218
41446	6790
42813	6499
45360	8468
37467	8480
34185	128869
40598	3364
32272	84274
36655	9391
42524	5861
33744	4726
31271	9429
40294	5195
38150	60526
42885	60559
38147	39
41406	6883
35169	84376
41458	23276
32768	140809
39558	84461
35801	989
3355089	64969
43436	11253
41571	10721
34373	80006
40695	11261
36988	80011
32963	11266
42572	11267
40229	25851
31842	164
32243	84312
38984	25875
32101	729515
39226	11165
117419	2547
44052	399694
35384	23646
34264	2664
32319	128989
34005	9497
37203	8491
39524	8496
32981	998
3355138	54529
33139	6197
34731	1504
42854	6804
38514	58472
40813	6872
35933	128866
31349	9217
33190	64118
41112	25989
36043	253832
38898	10096
43521	63894
35316	5547
117414	63931
39733	5613
38218	84465
36696	7918
31441	1022
37139	1036
36748	329
40994	11284
42991	11285
46717	384
40179	396
317852	60496
42839	9949
39141	25896
53443	6426
34791	339896
36130	4331
41192	4351
38897	22980
36079	55790
42849	23761
46032	51077
40929	57038
35090	64174
42030	64863
39652	8504
38461	64417
41403	2286
35326	51603
49425	51073
43503	51103
31001	51290
41399	8518
48844	9093
3771779	54363
32001	23710
39383	9140
33554	58505
37884	6609
38093	23450
34505	10254
33458	9146
37537	64129
43772	225
41746	7517
34786	766
35688	1528
34110	64145
39044	285521
40191	2195
318249	54460
41153	11311
40162	406
33908	11316
40097	501
38291	11319
31043	11321
31075	23002
38095	25911
35196	51082
39026	66036
31450	201627
37288	11101
43688	56241
31816	4478
32504	11162
36955	4507
42593	51362
31083	51575
33627	79633
3885573	3274
40842	94104
38429	51006
33082	3703
32530	10884
40201	7249
36829	2717
37979	286183
50169	56683
34526	6133
34524	9271
44127	4081
39484	6191
36728	9326
33167	23315
42872	81562
33165	85440
14462484	5433
42832	2746
40709	8189
32315	23080
41522	64429
42658	6785
35890	64744
33142	23059
37135	113179
40221	1211
46038	11331
33432	650
31617	11197
43382	4528
32523	11222
31483	11224
32520	4597
31044	80198
41569	10938
37755	143686
42291	10476
36104	2775
40424	6641
39847	9482
41091	3550
44054	7327
44117	81616
36999	64750
44554	64754
32470	9522
42380	9394
31716	375775
34268	81796
42020	64756
38136	9837
248102	9527
32851	129401
40552	94081
40668	5110
38175	9520
31967	64785
35970	5165
36488	10396
33961	133308
33727	1284
43579	131474
40169	84669
35359	57465
38769	1306
40724	662
31601	1317
38145	813
31072	1663
39363	25941
326166	3476
35000	4682
38562	2040
44409	4686
39478	23463
36514	56949
41124	347733
39629	8434
36683	11188
31544	9562
39067	92399
48448	1457
32394	92400
318096	286046
34998	152100
37177	4141
33207	2030
42697	92170
40555	92305
31237	83606
42976	64240
40290	10311
35374	84128
3772719	84190
37769	29107
36386	4289
37575	29116
40429	902
39657	51614
37618	891
42189	25980
42979	94005
47718	25988
32687	23304
36440	64151
36159	4700
35475	10531
44207	4728
36725	80255
31717	25794
36396	2744
40459	80331
36251	666
35773	55974
40349	2653
43694	221895
41140	3845
3771893	8365
38913	26100
39777	84246
41843	1968
42314	54617
42105	118424
3772666	8367
33285	5442
34593	219771
36788	121227
3771908	8370
35604	83940
32269	5711
3772254	121504
2768961	153020
37247	6788
42340	55107
39724	84529
37542	10425
39429	11113
32508	10061
31519	84749
31024	29954
43532	6202
33390	9131
33977	26009
43414	124222
40163	9158
36377	4756
2768954	255027
34888	4799
36641	126003
33774	6293
32479	199857
39964	51510
43166	84296
36768	391059
40712	60412
35145	28998
35922	81839
33599	3747
42523	2693
3772198	8968
31943	28987
326189	55256
43163	149371
34115	66005
3772325	8362
3772374	126961
33999	10367
3772314	8329
31683	54704
4379887	55779
3772519	8360
3771792	8356
45883	117247
43516	10380
32174	101928558
34260	84750
38367	50626
42467	11252
3885567	8445
41867	84899
38798	996
36854	1021
249072	8499
36731	9296
34529	1854
36722	8891
39504	54707
35329	29110
44000	6830
32122	2530
32652	1368
3355096	100287932
35483	8295
42933	53407
38149	9646
3772305	27109
41219	10498
34654	137392
3772509	8359
3772172	8294
37019	84668
3772421	8355
34873	84516
3772619	8351
3772518	653604
34070	10399
34961	29914
34993	1111
36797	3300
41296	4174
41013	9319
35680	4644
36060	5213
192528	54802
36771	133584
39364	79031
34160	120103
35365	4913
37825	114876
35911	151258
38865	4796
37230	118
42492	311
36080	6843
33703	79590
37176	23033
36072	219899
3772191	8357
3772113	8363
39122	285527
36136	146956
3772708	8366
42455	148641
3771854	554313
3772173	8352
35588	11069
3772189	8354
36333	10418
36809	10419
34432	10421
34313	10449
32548	10857
38734	29919
32990	29780
35478	92369
41174	29922
37244	1155
36730	29926
32349	53405
41148	152992
37837	9079
31038	6837
43358	9343
40195	2834
37804	6888
35221	51209
43978	9373
35939	23317
33966	51602
37866	60560
36357	246269
37462	9730
44702	51382
41154	79781
35486	8473
246485	84191
39627	54148
35349	57560
39070	112812
43707	9057
38529	23585
41551	29934
36806	1261
45906	29882
42400	1264
30998	1362
246534	80279
37633	8394
39969	9403
31037	8216
42302	8315
34361	8543
3354977	9412
38997	26098
40280	113402
40630	58478
36617	25885
34546	57130
39747	23390
37285	26061
38097	79831
31553	84912
42249	1103
31144	112936
42449	79258
35383	51805
32836	51809
42883	53635
33493	9588
33477	50506
31222	64928
32057	1783
31098	23275
40181	730094
42175	9440
40696	9442
41288	9443
42618	7542
42196	10885
43952	9477
42388	9487
33130	23639
34736	374868
39396	203
35375	9761
34090	51741
43429	27292
40131	55324
31155	23335
38209	9609
3772329	54107
33409	9632
38639	389421
35259	5789
43869	80213
38735	23355
43456	374659
36426	123879
40701	51715
41943	9044
35151	4738
38771	51655
41520	1576
40710	29959
326197	80762
326219	8877
3346177	80775
10178891	80776
36336	283987
41800	9512
40324	79091
42109	10935
37080	9567
39922	10939
40678	10946
33644	9772
37196	3350
39028	6730
34354	9784
3346188	79001
43379	196385
33346	832
40347	3613
36727	1020
42723	1497
40457	1653
34881	3516
32410	51218
43990	55752
37132	28954
42845	55288
31793	92105
326156	50515
41295	3276
40462	10787
43353	51312
37807	30968
39744	6595
31647	10947
40528	9615
37628	9349
33638	9618
36985	6142
37995	6143
38193	22
34750	10954
35900	7046
36602	5972
34134	29880
32095	9789
41952	9793
39904	9790
32888	78986
38750	9798
47396	2475
31560	126119
34774	6251
42751	92960
37636	10730
3355134	166614
40959	55510
32552	4038
40657	6598
41942	6601
32446	6167
40627	118812
37206	10961
33202	10963
33960	55127
32796	25820
43691	10969
39517	56940
41028	9801
40967	79004
38652	9810
39854	53343
38094	79020
42634	92597
40248	3416
35577	5862
39530	64850
35880	55257
42115	347734
40382	2734
38226	201625
39501	55266
38303	64434
35713	6627
41773	8368
32267	81037
42178	284004
41937	51025
318977	51649
318095	51026
42996	10972
326121	51027
41891	10973
34360	617
31381	8546
33641	51659
36494	10978
34296	1360
43484	153
42661	10980
31221	673
39055	57210
40622	9827
326262	51520
43269	159686
43040	79023
36732	51194
40257	79034
39561	114793
42244	22950
33283	115201
35527	55768
36848	54212
36129	55284
41027	84076
42950	9673
33560	6643
32125	388419
41033	6646
33300	81556
33025	10890
34294	10988
35674	55968
45574	51433
34371	1389
32158	774
39688	2968
35016	1434
34557	785
42904	9847
326155	55157
37892	1128
39656	140823
37456	79047
40608	9855
37965	51067
38893	9856
39860	79071
3355181	146754
39214	4698
40272	4704
31604	4714
34747	4715
38806	84904
33563	55770
41373	124583
33289	55773
34521	440822
42992	83460
37707	55613
33903	6675
37536	55737
36252	2108
35671	51477
40852	255520
31915	56934
43170	115708
44072	5901
34928	51451
318206	11011
39108	6203
32435	50999
40259	11019
37589	6229
43734	1477
32987	162
42919	1135
3354994	1479
41364	64976
36585	8704
33377	9870
318947	79078
39052	9873
41098	6783
40399	8720
39842	8721
34487	7325
39485	203062
42591	4705
31762	4719
44173	4809
34367	4919
39978	4925
39884	6477
33750	55296
40134	6878
32765	55298
326206	55299
39662	6542
39996	375611
38231	6709
32746	6711
45577	2184
43757	2235
31605	2271
31493	81609
41205	4043
42670	84340
31897	6234
3772574	2519
32544	2782
40343	51504
33418	5878
37805	2778
38362	57048
5740853	51529
46069	10632
33905	55176
34159	1603
42680	55746
34327	55751
49713	8727
34877	8731
39766	9897
36604	79109
36552	79133
36038	112840
32375	64978
32885	80013
33704	5229
42446	5293
39362	203859
32440	55319
43276	256281
40083	55322
41866	122553
32716	138241
38815	6728
38593	6729
47251	6734
35305	6741
326234	6745
39768	6746
32148	57101
33935	2592
41152	4580
43750	56922
34388	56926
326264	2632
41816	56929
41469	57198
43444	290
50178	4695
32513	81689
37643	51308
41286	6865
36420	1615
41997	51573
35523	1660
32753	55872
38342	10768
33369	79139
36042	51490
36926	79746
40232	5347
31541	51337
31487	80055
32268	6602
38911	80146
39687	55325
36654	2067
31965	83723
43515	2109
34377	7403
33911	2639
37415	2643
48782	23517
40436	54039
38418	51332
38989	990
34794	5001
43950	1040
40779	5037
35654	1665
31834	10951
33019	309
41022	1723
37873	1736
41171	1767
5740653	1769
37852	137964
38515	9493
33658	9896
40233	8775
44441	84945
31385	81932
37021	55610
2768929	57205
32556	6786
34883	6920
38196	6844
33254	55794
35200	54103
38273	91404
43777	2199
32907	606495
35492	5496
39306	55795
40323	57107
251430	55851
36883	2219
36209	2224
40325	55718
35930	171586
34966	6811
38493	6812
53442	6829
40543	6832
42079	134637
44498	6834
41253	2731
33640	55275
43215	5126
35886	2821
38017	5170
43828	817
38615	5203
39654	2956
3771723	8353
39340	890
43447	5223
39157	1024
37297	5250
37586	1025
38669	1104
48228	58511
36360	53371
38580	1778
34711	1798
39317	1801
33775	26610
33693	8780
39250	153396
43095	8658
261607	51117
50363	153339
41690	56647
44497	7098
38197	339175
2768688	387129
43091	55666
39335	84266
43125	200081
41060	79591
33137	23262
43558	6868
41601	51072
34276	3030
37470	93183
37784	3032
32679	8562
42620	5315
32334	51074
34552	3081
43472	56986
46140	3145
34153	80335
33978	3155
32132	1460
2768998	54093
32008	293
3355143	1501
38459	56993
42817	1793
44289	5500
41802	1802
40672	84513
42343	1819
33005	1889
40617	5875
33016	1891
36758	8799
44001	8801
34423	5985
318847	8358
41067	8803
318846	8361
31718	1621
35190	1644
32348	254552
37528	2332
40301	7982
33682	2339
41989	2342
8674000	55858
42807	114971
38396	6610
43043	2531
3355136	25836
41460	25853
40960	100534599
37062	1841
45959	5515
42169	5528
36308	22948
32763	5984
33718	3704
42266	6448
38931	26225
42358	2081
40305	5573
38912	2104
38423	3423
39596	2239
47594	5584
34709	54799
53431	54831
36544	27161
33513	25766
34957	11216
44126	8811
32089	56848
35240	8813
45374	5298
34095	8815
38230	26589
35220	51493
43325	84263
32522	23092
41457	79411
39319	26260
35231	390916
2768674	2177
37199	338692
53428	11091
37401	160418
31253	6687
43236	2551
39164	6873
36020	5091
39644	2617
32610	23200
42433	7019
33530	55775
49953	23193
34428	254042
36339	123228
35111	56996
40326	84284
40279	51001
33026	51005
43740	83475
39914	51000
32819	51070
34544	3425
37249	51075
41877	51076
3354888	5594
3772032	440093
39998	55622
41832	112483
34140	89845
43823	378
49424	57019
41043	57020
43549	1967
42313	28514
318680	54919
37783	25915
2768892	3631
34749	56910
35848	126792
3355011	64428
37992	134218
33109	80727
32973	29101
3772100	8834
32554	2562
41309	253827
43031	79796
38484	2571
33986	2618
117369	79966
40680	9689
38194	2677
37165	79772
43006	91603
40565	387787
31422	93627
36002	85366
37606	85478
32464	9879
42064	51765
33924	51020
31608	92715
248194	2730
31642	255252
39769	6399
35044	55148
36022	28989
34121	84065
34412	51081
32592	51084
43275	182
39102	51377
43662	5660
33705	79176
39210	57037
43943	10239
39845	5714
31953	57148
45248	25769
33196	6608
34790	6654
317887	8836
37662	2091
36584	55735
41141	57129
43046	55781
39764	51663
41757	65003
31704	83891
31107	2906
33182	124995
31964	84898
34105	10317
33965	7465
40091	219927
40593	54623
35753	51093
32701	51142
40707	51095
41758	88745
33917	51098
34262	51626
37218	51100
36464	5768
35667	28512
37791	3978
37138	84908
33440	5810
36015	6845
34675	57095
43775	1398
33473	6857
34720	54516
35297	6884
43278	23649
42359	29960
36358	51071
33212	6907
36921	9330
35193	9328
46059	8879
43838	2913
39461	222962
42505	81889
42753	8881
36671	55179
35832	2918
38823	142891
39421	5644
31518	84148
42438	23157
35664	161424
33910	92922
34079	149478
43492	144110
36782	2805
33373	2806
35026	84162
32568	117246
36497	2885
8674019	51106
33467	51107
34106	51110
31447	57050
43386	57102
33650	63910
32026	6999
39415	114789
36064	7024
31097	55341
35893	9924
35546	374308
42256	57724
33332	26297
44238	24144
35864	64395
34514	54867
40258	54868
35003	51690
44433	9653
31811	55226
43682	2983
42475	386617
39213	2987
38411	54981
43938	84817
37875	115024
2768949	81605
42693	23405
31496	203522
34445	4642
34613	9054
37295	79075
42254	9489
43042	11079
38412	85369
326177	51635
42129	51637
42005	51009
42589	51011
34548	51013
38121	7166
43736	1917
44668	6632
41719	5756
48973	6714
38793	201163
2768881	25977
40453	26002
40687	23521
42414	22933
41436	55627
39447	23640
40129	3751
45064	54888
38756	1655
41352	285381
48903	10336
35057	91419
48481	10426
32841	3035
42959	284086
42284	5831
38720	51639
37944	51015
34097	51019
39862	22818
38069	51645
38374	85365
42440	80324
37833	152002
33520	29097
37200	26090
33219	949
40849	1466
38613	7335
31143	192111
38693	23658
31980	116064
32408	54893
41020	6416
37663	27285
41677	55631
35758	54899
39514	100137047
41375	159371
43710	87178
33049	84861
32531	85415
42481	6547
31387	10436
38885	8635
33846	255374
31007	64080
42092	8804
35570	93210
40467	25790
40952	114049
36551	11169
34012	53904
36570	51021
43609	51023
39523	51028
35875	26231
33076	51031
40332	27000
42888	10056
39919	124540
41597	26284
34626	25782
35685	54872
36954	54901
31521	71
36632	10417
35172	54902
37478	26519
32294	26520
33465	23534
38301	25828
40282	10101
42453	1017
37970	5000
38761	146845
33162	284194
3355107	10245
192509	10444
38478	10445
36393	10463
33962	22829
32373	9785
35105	54658
40094	10282
33234	54475
37122	28956
37136	28957
40160	23633
39386	51386
36234	114826
42268	51660
42822	2958
33805	25983
33858	221143
38928	10087
33444	10092
33864	10093
31680	7290
41917	10094
34876	54974
41836	5928
42894	7371
34890	7780
40796	23154
38765	2770
35969	27166
35759	51138
35816	64708
39684	81533
38451	431707
326171	10467
42298	10469
32787	10474
38062	988
34910	9517
38532	10478
36565	10480
48552	4144
3354919	11269
40165	11329
45329	6136
36246	9616
40141	25842
35453	6144
42216	50617
41207	51133
42526	3422
53573	3611
2768668	132001
32623	10097
31663	83451
41870	22796
35060	10102
35311	10109
40431	83939
39004	29109
32279	54928
44250	29894
3771951	25824
36538	29127
37124	54931
32533	84936
40694	10484
34778	9777
37893	6793
38599	25978
41826	63891
31026	63897
32049	3796
38135	3832
40973	4171
38169	162494
31319	90580
33847	5198
41935	23194
39158	22821
43771	10124
42093	8036
33845	8898
34752	51147
34976	10130
35927	8554
41566	10121
34991	7223
40732	51295
31835	29945
36583	3313
43239	6674
40556	54708
36475	10203
38890	51701
33862	10113
3885643	54939
32168	5356
37637	54940
32072	137695
33984	54943
39997	116143
40331	130026
3355135	92335
43533	91252
46719	146059
37363	10518
31215	10525
44747	10527
40560	55351
33276	160335
32124	81567
48775	63917
31270	83862
32977	29979
39035	89910
38176	9681
39655	26121
39745	400
41270	56915
32777	27183
41316	60386
34287	23481
53578	7001
32880	51181
318916	84102
31899	79888
39550	8131
31150	54948
33653	8226
39746	5424
34787	23536
38661	5427
34792	5428
34796	5432
36160	5434
261631	5436
33293	387338
32615	55754
42633	10528
37141	10533
33213	10535
44086	10540
36984	10450
42942	5441
44748	5511
33262	4690
42443	91147
35261	4801
33709	50485
41678	83875
34788	63932
40295	63935
40950	54497
39129	758
38523	23446
42843	23241
44228	4716
32297	586
38378	4722
33753	658
34350	10060
36143	25949
33974	10274
36059	7534
34839	79954
39331	10283
39918	3284
43709	440275
44291	3417
35343	51678
33529	4086
47080	5459
41801	892
43481	5495
36886	55656
42499	23233
3771728	84320
42592	57583
53577	10549
35128	10550
34793	10552
31579	1431
36406	29074
38799	29079
59261	64087
42794	284451
42734	83937
37443	83941
42838	388021
40336	5071
38395	9703
37131	5106
42861	5188
33424	285203
40851	79634
41260	57448
35596	23603
39917	79641
39387	26047
37581	79643
31727	79645
38857	54968
41968	6742
42091	5510
43506	54973
40600	129880
45031	5531
42629	154865
36448	10558
34785	10565
35931	5564
3354896	5885
40096	29081
34306	9419
43569	29085
3772109	8728
33654	6157
36526	55799
41495	83989
42860	9696
40681	51091
35369	195814
36128	8528
40030	23326
41155	79650
3355130	27072
32860	887
36381	1186
43958	79657
32256	5609
37742	27284
326167	7781
2769004	6840
31849	1650
44885	3688
37554	23168
37775	81542
38736	8509
37767	6749
34819	8549
43427	10569
37344	10116
37089	24147
41054	10574
34674	10575
31838	10576
33374	10577
32216	494143
5740475	10437
35571	10465
43944	10482
41785	7322
53566	84056
38085	143187
3355079	7326
5740811	84060
43008	727936
47757	5876
34504	6795
36387	6827
33711	6341
34984	7266
33629	7311
42836	1609
42485	1770
36249	29988
40675	1807
32933	9704
31105	79666
251900	26229
31840	22938
38785	79674
36587	22929
33643	286451
31613	100526842
31082	84561
3355144	6169
42491	2017
35950	5586
42203	23683
31373	2072
35056	5589
45280	168667
41529	3608
37582	149465
31877	225689
37144	23770
47272	64400
41135	249
59173	54834
41991	51650
44392	10556
36035	10567
41542	10623
31247	5297
41518	3980
38198	865
41756	27429
31442	6626
40781	6633
42357	286097
38370	1118
43737	6902
44791	1937
32780	3738
41090	22992
32664	79685
3772640	79693
36111	553115
39910	27349
33780	79694
42209	348995
43547	91949
3771771	333932
31872	5604
39097	390637
40527	2580
34437	4125
42972	91039
34495	4842
38760	7358
42863	10640
37033	200576
37644	7378
37236	84100
41779	5884
40054	5883
36086	60528
42183	84154
31780	8220
39732	9024
33680	60625
41247	8224
37850	5912
42273	7084
35236	7156
31746	7189
41844	6418
36110	7247
35917	54555
39889	2274
44531	26960
32263	26503
41837	10196
40988	27235
39877	3646
38780	582
39253	51069
42656	51094
37988	87769
41587	79716
38695	286205
41343	6230
40624	79720
34197	51399
43811	2660
43637	5636
317860	80167
42180	402055
43618	56624
41561	27232
33443	55967
35712	55969
41132	2954
33227	81502
42303	51150
41365	7411
36382	25942
38326	7837
46027	126326
36390	6594
37339	55929
35987	56063
39653	2528
43833	5080
34156	16
53569	29899
40059	36
41530	7769
38879	1894
48445	53
31289	7923
34726	5682
41531	5683
35338	2794
36018	5684
37378	5685
40383	2823
36951	5686
39855	5689
34999	5690
41079	5691
38801	8938
43974	7204
4379919	84254
326153	57187
40444	72
37123	27339
318595	84897
35029	7511
35531	84187
43528	65217
34093	7051
38746	7054
34363	1936
40567	64834
44260	9086
43504	64841
37166	11112
34614	201562
41772	92
3355109	142
43575	11072
37834	204
40639	5692
39628	5695
42828	5700
35701	5701
38074	284904
42805	5702
33105	5705
49045	2869
42327	1756
33236	253430
44251	6132
40080	118980
34167	7514
39669	25879
44087	55661
4379864	84229
42177	23648
38749	51119
41341	7178
31045	146923
42493	7372
41704	8405
39827	57515
36122	9815
34540	79726
41384	79873
34396	262
318911	403313
33269	11103
34443	84964
42412	114882
40933	23065
32239	79934
31355	23070
36598	2965
32429	23077
41528	54187
32083	1739
37376	4881
36300	127700
246652	11146
35986	7389
34592	148266
36105	1593
36127	115827
41605	7498
42811	25996
32745	57508
41992	23274
35953	57511
36173	8417
34004	85476
46243	23352
39431	2648
40087	8487
34686	8714
45830	8833
42004	57001
42165	202018
39142	79903
31708	79947
42051	158
31329	8505
36769	11124
44095	80004
33324	347
42432	79783
39402	210
32524	11128
37815	212
38526	129831
39828	124454
38192	51501
43128	121665
31866	57720
36150	11137
40299	3029
37072	81573
38895	23098
37235	6135
32682	54346
31022	6146
35336	3837
34338	3838
32442	8567
32514	64431
31776	642
33470	788
39750	57534
37246	1121
31826	8525
39244	8883
38219	57539
42186	7531
33573	57003
39025	780776
37810	8563
326122	56983
42174	56984
44672	8569
32007	291
31543	57521
38983	9045
53439	8607
37427	219855
38375	8078
34624	8140
31855	124936
45250	372
38758	55245
42900	22894
36699	382
35150	79807
43928	11143
35159	93380
35568	80219
33897	11153
41427	81846
32292	84706
39218	11325
5740362	160851
40254	6545
40581	3843
31110	54442
31767	8973
42770	3768
36311	100287171
47216	113220
39647	9662
32071	22920
37433	57498
37840	26173
38846	29924
318636	29928
43426	53981
41440	7802
31208	51340
34952	7803
3772218	283459
33688	51116
37414	2068
30973	10243
3772101	2132
36909	79731
38076	2582
40348	55902
36037	8669
39399	79683
34107	8708
43359	7280
37858	8476
31537	57221
36051	8558
36460	200933
40042	400569
40993	402
3771738	435
34409	29929
36301	113802
32142	538
41849	115939
41254	51548
43039	6232
3355069	594
33964	22803
39448	55187
34392	6240
37026	1757
31423	138050
38668	158747
50007	83443
35915	9153
35732	23170
44115	23179
33399	54468
43725	4089
41114	54469
34068	3913
32661	8516
39118	3915
40987	9775
32916	196483
47942	51542
42926	122961
41869	26275
40090	7855
32169	7874
42663	51611
43434	8065
38204	51534
47611	2820
30994	23456
36199	57599
32379	8732
246650	57017
31517	8733
44437	6396
140439	53831
32582	3295
37070	8761
33952	482
36982	57545
317815	79572
40517	1496
34831	8798
42360	54504
36340	158584
43829	506
39143	515
42671	84311
31623	79053
33852	4723
32541	5412
34314	6747
41550	526
43786	55334
36795	51601
34137	7991
36849	6530
34453	114088
42616	23210
34431	125058
7354434	92736
39775	54495
37664	54496
35174	54499
3772344	51728
32322	3981
32207	3984
32566	1983
326158	201626
43017	4338
36762	51506
40654	6165
34477	51507
40393	56923
41167	6723
318246	26994
39381	54849
41271	51654
40857	51184
31705	254528
42943	23173
42826	80207
38715	257218
43294	57136
3772552	8350
43936	10873
47762	2288
36548	27233
35265	8789
43499	5092
38447	8802
34136	79644
34284	5567
32135	89978
35488	83892
36826	528
43019	83786
40679	529
33431	132158
41845	539
36392	549
246599	22934
38494	22800
43551	6870
43508	57410
36040	7415
32019	390928
40945	23731
37750	84545
41346	23234
36808	54520
37485	4017
35799	4035
36726	10211
44279	4040
44861	64398
40638	252839
37938	57143
33826	51524
326173	51239
43345	56945
43491	9918
31266	92609
33118	54606
40404	94103
38261	5019
42240	51692
3354992	57419
37298	57685
35738	1607
33351	2023
32631	10298
38300	10299
34835	57704
32581	10300
42310	57578
3355126	1069
39241	9252
34719	3652
39309	83732
35225	7153
44007	10229
35199	7283
33499	7298
31990	10166
38963	7812
36793	23277
32042	347404
34380	1540
42253	4216
34656	55621
31799	116138
3771966	29104
43330	10015
43748	51528
41784	152559
3772232	2173
34963	2764
40260	5664
32493	548645
42870	64951
41290	2963
34138	57721
38390	123207
39322	253512
40524	4126
33561	130617
41417	27010
34449	122769
33941	1311
31656	23531
33033	56902
43092	7915
44701	1371
38355	1376
35107	8654
39265	8985
39624	14
319046	84285
41540	84306
32112	23
5740664	84337
35051	23299
32300	10826
48571	5725
36718	23303
41675	57223
44653	131405
32461	10013
36846	10371
38656	4085
38598	10901
31326	79050
32621	6555
41293	51253
39251	6647
31500	140838
42869	51256
32878	6821
43693	517
36337	8729
42877	57169
31603	4175
39014	4176
34414	4190
36542	667
33515	92342
43218	91833
43872	89932
43482	164781
36045	129642
39988	1738
31858	1806
46391	29968
41541	26268
36760	47
31700	6194
44149	50
45368	11181
43009	92856
40402	440138
42642	1173
34324	84619
42525	1175
37336	7975
33434	23256
40846	79877
42649	6950
31153	286826
38596	128486
40377	51260
318825	51264
42957	85313
32740	4729
32141	84955
38256	4236
35592	59286
39435	4241
35511	4285
35100	10128
35386	26155
36289	55703
37181	2052
36454	23595
42929	57488
39202	2071
39064	114771
39093	146691
31020	89874
38930	339122
32485	115
43663	285440
34996	54205
39536	1639
40843	23376
32934	79612
318645	23386
37926	23398
36536	1892
38754	130749
34281	7295
31593	10513
32820	1315
37382	64795
35793	64121
38207	51759
43003	64130
39304	57016
32865	23406
33867	283629
43332	54677
40361	23158
31684	116442
47895	10797
43428	5581
36107	8208
38470	129531
41059	23479
41353	23647
36508	80273
42500	10227
40270	25797
31406	5161
32212	2356
38178	160518
38969	54517
33466	90203
41023	90196
32617	1965
35882	10694
35241	9731
35053	8539
31449	4172
38745	387496
38031	285237
38182	5192
39989	10352
32515	55005
41379	114770
34921	93589
34607	80162
40595	339829
40966	93624
37999	950
37011	26207
37037	26575
42187	26750
36963	83657
38851	126820
8673992	115677
318950	221421
44830	116931
37429	112869
39879	10726
36203	2232
36887	2237
38889	10775
326184	27293
33421	27294
41183	112714
35984	51559
35997	4326
32678	27297
41720	51300
35704	112724
35234	348180
35662	6495
33389	6904
318908	318
34527	9631
35422	1938
40063	2873
42502	56342
43384	27309
46246	5224
40464	57451
32183	55714
34112	63895
43824	64084
36757	51304
37439	27241
5740624	150274
34872	90527
37585	91801
42029	7203
41871	7257
33397	7347
44390	7386
33486	147463
33781	7919
32081	26521
47384	10231
33414	100129480
35340	1729
5740691	55036
41932	10806
32434	4713
38144	27342
40373	10228
34357	56919
35089	65094
3355010	65123
37774	9342
5740715	51569
37301	207063
38646	9352
36746	9353
32668	285282
33932	9354
38602	51398
42679	7466
33516	254887
35118	123688
41983	7873
35127	201965
34402	8192
32970	57510
40912	57555
33014	11021
32856	4225
40870	64318
32588	23071
36288	4733
36041	5576
31103	5873
40487	84364
39318	64446
3355158	65260
40138	9361
32918	9953
42014	391356
37178	81576
37381	23350
37961	58513
31728	7328
35337	23600
35170	142678
32145	118426
32473	64682
2768870	8846
33991	4221
34086	167555
32027	8909
41071	10325
31130	104
35746	246243
39027	6059
32989	1340
33314	6091
32039	6098
40972	6117
42369	10845
37603	6092
37228	6389
31524	6470
40092	10856
45338	259232
36306	6634
40155	6720
38500	56605
42364	35
38282	26160
33716	2762
40293	9409
39017	3732
33180	9410
34955	84292
40974	57696
40170	26038
50250	9741
38151	26091
42043	23382
33379	11059
37475	27335
35747	29102
44326	6182
39813	11076
2768916	6184
37029	6185
43240	151531
34516	6944
31540	10867
36580	10868
45399	7453
3772540	84826
38221	2710
35129	23197
43573	6161
41342	148867
32021	90957
37531	83480
43103	6155
35112	9416
34379	9421
41158	3840
34616	124997
31081	55149
34875	1810
31165	6256
35540	7376
38177	160760
41278	196074
31724	26019
34155	84064
33372	90231
34187	27304
31475	10940
36286	23047
40982	10910
42027	23204
326215	23137
42421	55217
40863	8301
32785	1768
48986	23184
37639	9439
5740590	4045
35885	23160
42956	55716
41282	64146
33859	55161
31873	51088
36268	23195
32167	124801
39221	51647
39598	139212
35656	2739
49077	10920
318016	23212
34096	29966
38959	23265
42350	2741
37535	10025
35670	79152
36283	5754
43440	80736
33944	9455
31666	9474
34069	151742
39597	646960
34528	55170
36138	51029
42963	51388
41838	55173
38444	55174
39856	80142
36976	55272
31934	1763
31195	51068
36945	55796
39479	132
31557	23312
32340	57605
38966	23331
36236	361
35007	4625
43901	23332
41266	5991
42192	23339
35408	481
34022	6017
34030	23348
32275	3655
42964	23385
37570	27340
40716	8520
37876	9690
43717	26958
36408	8526
31374	79697
34681	81614
38601	100526740
38446	9488
32537	1213
37238	10383
40553	5067
40132	55178
31949	388403
326128	6871
42690	55182
31506	51200
38033	80145
33350	55186
41125	51305
39957	80153
35590	6390
37697	113419
41340	6391
31772	51604
41859	65005
41646	55466
32002	22895
31950	513
36237	358
42160	2261
40936	55312
40308	8533
33725	51714
36669	8540
43165	51727
38079	51455
41925	10058
43268	84287
33717	9526
31554	103910
37004	4829
33712	9533
33684	9538
34677	9463
41971	55726
36028	114883
44801	5599
42954	55193
34422	55605
41448	79751
41760	50940
32858	113612
38286	79901
42517	10322
42844	56339
33532	11057
39965	151556
33555	5524
41552	25904
36903	25912
32551	894
41876	11235
43132	25940
34211	967
39776	9141
41861	26999
43502	25979
43324	285175
42906	84705
42285	8559
32776	51537
35724	8564
37337	83943
42561	9568
37121	23008
39542	3312
117365	10767
41973	65083
35323	9552
31030	9554
32567	5087
35966	8611
32273	55206
35117	80129
34166	80199
31805	5538
37245	57728
53565	55210
41209	80204
41203	54769
35941	81034
35378	6453
36706	6732
31594	51434
38490	1266
42402	54413
36965	26136
35491	1327
43664	5308
37075	84273
36643	200734
34352	6129
41311	128
35537	26995
43982	148
40246	27152
41080	55658
39829	8565
39066	8566
42567	8573
37036	23246
34751	8575
40872	8576
37602	144699
192478	4540
34116	65258
36259	54584
39329	5286
34293	6882
42341	534
43723	6128
32640	790
40281	9791
41116	9317
41374	55218
246653	54855
38160	5771
38987	54662
45784	6897
43614	1393
35385	54932
35452	80224
41689	54942
40386	80232
33843	27341
38654	6198
39505	9948
31213	84135
39338	4736
31555	124842
3355151	644524
39297	10585
42676	162282
3354941	23341
31154	55741
35761	31
32676	1428
39459	55068
37402	55110
34311	56916
42272	55234
38943	80262
34118	80263
34714	80267
38945	23637
43805	6529
37803	27042
33469	6881
42295	79717
3346192	6571
33504	399818
32341	1508
33955	1610
40384	10733
31600	51042
40161	1573
42490	4891
37163	1591
35055	8649
43873	3614
43293	6945
32948	57551
42848	7073
31698	8615
49968	8618
37741	8622
41083	56941
38457	9524
42615	51128
33131	10238
45380	83985
31800	10260
33836	123099
31738	4088
42185	4191
2768940	5518
42931	84811
33521	84816
43438	22863
37006	708
37143	1491
35507	55748
31151	1499
31290	55243
40786	55027
43079	80306
40996	10072
40655	26073
39434	5238
39336	51700
42470	2197
3355171	2527
34256	217
40557	51608
44110	4257
38653	83659
42875	51389
33172	2752
41955	399687
36831	51096
40642	29980
34326	8625
36703	8633
31205	57647
31175	8634
46662	83743
31649	55246
33487	6227
41279	4522
38001	4628
40168	4218
40548	6502
326259	85465
41823	2997
32441	1629
39763	55756
34488	55759
41611	1642
45785	3376
32908	79134
37329	80344
38647	80347
38527	2961
41562	4927
38824	4931
37794	51108
39651	5034
37635	51016
39266	7337
31163	10026
36582	5243
32295	51646
31806	4968
49892	51024
33245	8642
37410	55219
32498	8646
43529	54934
36878	6648
40563	8661
37435	178
50392	91012
37888	10382
39994	411
41126	4122
37846	143244
37514	79624
40224	5470
38901	84890
31775	84895
33489	3475
38917	1725
40814	51651
36176	143098
33211	161
33971	26127
33714	26128
37305	112950
117294	3148
40186	3241
40167	9061
35001	10051
39069	199870
41150	8907
34924	898
44496	10054
41532	10055
36981	8662
37172	339451
37005	8663
42789	8664
40718	54969
40587	8665
45682	8667
43399	55015
33710	8668
32211	54680
40188	18
37569	26873
43312	5529
32191	5580
44817	5592
4379907	142679
41191	79087
5740310	79400
31214	92912
31473	1123
31489	91869
40081	1849
38322	219670
39339	26150
43726	26151
31881	8086
34154	26164
38586	55567
31810	29997
35690	439
31536	28985
33034	8675
33579	55081
42850	8678
32400	9423
37798	4673
32471	191
36775	389
33514	10992
3771965	8623
32088	7813
31503	57094
33939	10479
59176	11313
32323	79621
32230	10554
35503	79639
40180	108
45398	221
42876	79677
43044	5303
39098	79691
36411	4239
31576	57665
40489	84944
38346	55568
35381	1875
43697	23590
44057	55650
37922	5464
38721	3842
40340	221443
34619	27248
41834	27352
32529	5049
40055	56886
38635	56889
44039	5058
43916	9475
39204	255919
32940	3419
34484	55181
38597	54332
31744	10681
53586	8443
38407	7779
42473	2898
37407	10363
32946	10844
41149	593
31957	10905
34372	126308
43500	79829
42840	84959
45249	1933
41868	84971
45588	3131
41275	254295
36996	84986
34175	132949
31914	29789
36540	51102
33835	1974
40925	55163
34702	150737
40064	24148
3772517	8290
39958	23327
31568	9692
37130	5105
40692	54995
37290	5111
36767	56851
34215	56913
40346	3612
326119	3632
33017	63929
31490	11173
40176	10471
37839	55571
49427	55572
33498	1996
41197	645
33231	706
33235	23451
42595	8886
40943	79993
42283	55278
34950	776
31382	10959
42000	10987
3355114	84991
38692	285343
31497	51750
36032	4208
42056	24140
41565	51684
42221	205327
45021	5134
34196	5147
38331	25973
31904	3735
43242	253959
39445	3831
43404	1795
33988	27314
41863	55577
34554	26227
41179	54764
34126	58533
326232	81671
41703	4999
38645	5036
31031	57475
38603	55432
46260	4711
34390	123096
42146	56052
36889	8939
38723	3911
36462	5194
34419	10412
37949	4323
31792	4897
31813	3975
37809	1355
41085	54492
34594	5136
43126	30820
41118	2241
35524	2444
39625	9056
38109	6515
35126	9647
39391	55586
38389	3326
40521	1136
38779	10943
38545	1137
39403	6611
34826	1139
42918	1141
246548	112611
35842	80856
39527	60680
33636	64137
32881	10713
41479	9382
31341	6564
32320	23223
246389	414919
36214	56649
38888	51035
36262	51360
42647	5204
44679	3998
41078	60314
33562	83548
44010	5236
39737	23020
42504	8945
34251	6511
37800	6560
31364	4684
36361	57558
42993	8856
43699	123263
35417	1120
34302	54784
39738	90864
41707	54788
43756	113278
32342	83877
38078	90390
37125	352909
33111	5300
40189	9804
42306	23760
41602	1488
38228	5425
41953	57495
42758	5426
39408	57819
36167	585
40723	9984
33844	145173
49580	89782
37066	54437
39691	54926
39481	51364
41428	1181
41181	51366
36468	1265
35539	51593
33349	51057
38199	1314
37728	1337
39031	2585
33002	23165
4379908	126789
49168	5245
35963	23560
37020	5277
37733	5289
33649	55140
30995	4329
34565	4361
34849	7334
36445	4593
37551	137872
38410	5279
3354925	84232
43906	9969
44360	22931
40558	54793
31140	54797
34965	10430
35715	55604
36273	201266
38251	375612
37248	135138
40415	5437
41741	5438
35043	5439
39492	149095
40102	5509
250736	340485
42123	202500
5740505	59350
38203	59353
33776	1353
35399	91647
40841	27106
35084	26249
31240	24137
32601	5335
41107	64601
35652	57453
41367	55705
39762	55699
38456	7316
37571	25821
38909	4836
42816	4928
38533	55623
31027	5934
3355013	157
40505	51234
33819	23001
5740320	54805
118436	23039
33108	23042
39774	84916
39016	654463
49779	5536
43904	5563
41303	6419
33253	5593
32000	114781
41888	27077
39660	266675
37116	3069
36702	10002
34364	1656
32510	10075
39984	2556
34970	60491
43820	57576
41226	80349
41797	9917
42889	4646
3355040	10985
40231	23142
31317	348932
39242	389434
38518	152518
32136	54828
37552	23254
33461	5230
42795	6572
39694	5082
3346167	94121
31309	5144
38957	55764
34734	1677
33114	4735
32553	2559
41304	127018
35962	83544
34632	1787
45910	2743
36881	9649
43582	7167
33210	84172
38813	256471
31581	9927
37776	3692
32935	54464
39943	23169
34997	51606
43832	5362
32244	54432
42632	9685
43670	5532
40249	23221
39382	65095
33204	23236
38582	54839
38914	9862
36634	54842
45786	5859
34874	54851
41419	54853
43800	5913
40239	5929
32490	143884
40871	253635
33899	9717
45680	6748
31713	130507
36102	10048
39520	28988
326151	2589
31960	81888
33572	5646
33018	261726
32257	5606
38956	27158
40314	5986
37292	6222
43415	1196
251690	54858
39757	55617
41123	92255
33347	84910
39881	7251
45783	7407
2768882	1797
39313	2960
31376	5332
39333	23464
38345	60488
326127	741
246533	60490
42452	3352
33509	317762
42652	3360
43669	3363
33645	10907
33909	84844
318558	84871
42742	3759
34442	25839
33900	79143
42641	9861
39119	9904
37375	79147
32506	10423
42233	83942
32151	137682
41538	79157
33901	25898
32770	90441
33783	132789
36230	7105
43633	7111
37511	112479
32561	4185
38022	285362
32073	7841
31944	128240
42853	8243
43770	288
31736	92749
34307	56652
319048	6903
5740325	57582
34111	414149
34411	983
43951	2079
36031	2110
46068	2181
37744	1410
36680	79066
33810	1803
43713	84245
39054	441509
33265	253190
36574	140679
32962	51126
41261	79165
35877	22872
33166	79174
43098	122042
37400	7289
246614	7368
3355124	6125
41491	7026
41437	9716
33307	81890
37237	6921
43630	56521
33544	63979
33854	54461
32536	7003
38936	7009
31740	2193
40060	6154
39013	2262
36824	25998
32497	22856
34987	22862
31474	4637
48312	5435
38881	79188
39394	79228
32565	374291
37148	80700
2769008	1826
31179	9637
35924	9939
42047	9942
34011	7480
38148	221294
34403	55832
34680	166378
49297	487
33914	4166
38807	60561
42429	284439
37564	10111
32871	60673
37444	60678
40398	7020
36303	10126
38096	10134
38391	60684
41104	10159
37518	83538
31841	10139
35847	84313
39420	54953
32425	2319
40228	2483
34658	2935
36459	54987
32852	54994
33556	2590
34297	1357
37156	738
36280	6241
42545	22876
42003	1719
37198	2137
45318	253738
40665	2902
39015	8989
32260	94033
246497	55845
39051	55850
33043	58509
31597	27101
35733	63874
5740235	29
40652	91608
37659	11179
318833	83707
36466	55037
36601	1395
45268	1509
38612	1537
40222	1635
39410	6558
42466	122622
40019	6754
42846	6683
33689	84315
43611	22888
42366	389840
43671	250
246587	80772
42066	2316
37959	140825
46035	9973
37853	8048
44002	9986
32969	55860
33402	64083
42934	64225
35569	26035
43192	401647
33110	2314
32792	129685
36362	1838
38137	22908
40492	64902
38643	11080
34142	5877
43785	5887
35796	4292
42396	2098
33626	93100
42825	55706
33119	55154
31106	3921
37934	154743
42089	22903
31851	8882
31955	7881
37801	22911
31156	8893
39433	8894
32069	8896
45880	3939
42835	8905
37727	11171
41350	79571
35762	81929
45307	8321
31664	9094
31587	189
41339	25819
2768669	55425
36125	9620
39981	1201
36281	55486
42702	64854
49636	64895
37084	93436
2768995	25841
32954	64426
36049	23556
37482	3930
38153	4641
47283	58477
34842	4436
40085	55739
31293	4851
35362	4547
39537	92558
39310	171568
35364	6118
36146	84946
3354918	6138
32663	2971
39874	55159
34309	6187
34420	6233
34882	4647
44098	55733
44183	6342
33742	55229
326168	55750
31006	137492
3355163	23011
34878	2550
36766	23016
31321	2622
37073	23038
192473	4535
41086	79577
192467	4508
32573	2631
34549	23279
41151	8932
192472	4519
192471	4514
32259	79586
36563	79587
192469	4512
39366	29883
192470	4513
192475	4537
192474	4536
34387	9097
42509	9101
32585	55500
317923	55907
31399	1861
36405	6901
34696	81555
44274	84976
32458	7150
34355	4668
46386	4669
42519	134145
35851	5727
31160	112970
31567	5706
37296	57062
43149	4763
42265	6457
38315	4860
31812	51118
36992	53916
34358	4864
40159	131076
39940	55763
36208	55280
31185	5226
246439	2647
31565	8940
326229	160728
42245	60482
42553	5422
53581	2729
31158	138199
42901	79611
35998	7317
42286	115098
43507	509
43442	535
34631	80135
37197	2990
35783	50807
42133	3973
44887	8694
44154	3157
46234	53354
36444	7174
36789	55702
43787	492
43354	7184
40145	4942
31157	4952
32636	6637
38871	5053
35339	170506
31874	60626
36876	547
40396	284361
35583	57157
31781	6697
47769	5184
42726	134510
31582	5537
2768852	4140
35850	55854
39132	5631
31177	55332
40981	55343
41610	8991
38046	63875
34430	2959
34021	1737
40509	2966
33902	51409
42586	3420
33920	51605
42173	79913
39834	79631
35574	138716
48971	478
36108	53938
43420	84188
42530	10886
32684	55906
41615	8914
33396	92370
39661	144453
39426	7260
37638	7264
41993	7265
41161	5611
33256	5193
38994	5191
40542	51652
31839	5256
34114	5257
31520	55346
35532	6905
35908	64063
32539	5917
42158	57213
39899	4967
33795	4978
5740848	57226
31833	55813
36436	6259
40250	91782
33294	2967
44637	63922
42087	2972
35914	64078
38288	64131
36578	4976
35146	4048
31318	80755
40637	6388
40647	92181
41603	80305
31308	83473
41907	10827
40263	3242
32381	6898
41455	7045
31817	7390
39557	3308
38530	2230
33338	22930
31357	7507
43689	55526
41096	30849
32045	3329
39168	90809
37419	2992
39136	112574
44438	7284
33637	124637
33652	54952
41034	1163
33823	7101
41833	7109
31681	25920
31362	10524
36264	7175
36058	51154
39436	5373
38325	55856
5740513	64180
32953	100529239
38666	9213
35390	55388
34426	6638
36135	55505
48311	5578
47877	55844
39507	143941
36539	9039
38916	9040
43034	64374
43905	9043
37254	3191
34046	6536
31903	64223
43101	115286
32144	9049
43437	5162
34286	53918
40044	64422
32377	54920
36927	27306
318747	200185
33907	125061
43459	493856
32401	283537
31118	57617
33156	3996
33850	55920
39986	283871
32478	114791
41371	92675
43164	27243
42939	5498
33445	10059
37261	10422
43991	5728
37516	7357
32725	64794
39846	7385
35292	5805
34500	7417
38941	5828
3772096	8364
37830	55530
33427	57084
326157	23041
35512	23225
35061	56171
36623	29063
35918	133686
34446	3396
40049	9058
32100	5430
47900	6877
41721	5431
33883	5447
37591	5479
31228	6183
42985	23762
31119	83636
32505	196294
41193	6616
32097	9262
39679	9532
7354403	404672
40491	169200
44005	55651
41351	55192
34425	115825
41029	25972
31141	5830
39050	5860
39811	55644
38229	51691
38185	25829
39090	27095
45269	5693
40388	5710
34065	64224
35325	83696
41718	10152
41927	4882
40932	64965
39871	317781
39169	81565
38942	5557
44915	5558
35419	109
5740468	126382
32352	271
36989	29889
33128	79939
43556	151903
32967	493911
32140	51014
43826	3624
39085	5723
41701	3628
35376	6553
35565	7268
31184	728294
35895	55215
34002	134111
38473	55277
32743	2909
36197	51693
33044	9325
33567	80119
38540	51162
38900	51163
41068	56259
31129	6444
35692	6120
34630	5824
33258	27315
41852	7168
34064	10157
32338	10171
34967	10175
53554	408
31146	57418
3355139	128637
42973	471
37617	498
45247	533
43290	26511
35426	10598
42562	23552
319033	51010
36905	10590
41347	6122
43349	6124
33838	26262
36244	84961
40708	9380
35693	23230
35648	7862
35147	3670
36379	102157402
35709	51164
43594	6201
40530	51428
34099	1954
32838	54361
33295	51699
33898	8310
39685	54165
32160	57045
3354863	317719
34394	1352
41305	10190
32721	3936
39735	10193
37754	10195
35158	79180
44910	146862
31701	705
38905	113510
33507	8438
37451	57446
42874	26973
41433	56267
43505	84219
43724	900
39083	11051
35263	85865
31014	9978
39979	11056
40782	54482
40564	60487
44118	11065
38794	6141
46201	8602
33261	81554
31261	84164
33763	98
35892	9255
35425	9267
32285	3707
40664	3708
43423	55681
38816	9453
38979	3712
34481	57122
35975	7477
246616	90410
45922	51343
49701	1456
40456	57589
326251	58489
32396	10201
34699	10277
32542	79712
48387	145567
43616	8604
32281	23576
40093	10162
42218	22884
37374	27019
32489	79794
34754	6152
32378	26235
38492	5982
33134	93587
44059	6156
38073	9282
38397	6158
32752	84552
326115	55054
33353	84294
32526	11180
32982	64172
38520	153527
34329	6137
43315	8455
5740252	23019
35559	10131
7354428	57456
32616	84301
33738	10213
43184	1800
41717	124602
36201	26233
45683	22906
34685	55011
42389	80018
41227	29078
59223	90550
38541	55014
34098	6173
40812	445
42761	6188
37699	10588
36653	10592
36304	10594
14462485	92002
36913	10605
39222	5018
39121	5481
42940	3778
42806	6400
44233	9943
33226	7329
44132	51012
40360	55720
40599	29925
41372	51187
33220	51726
36137	124491
38751	83861
38589	57127
36134	79064
40873	285605
41092	161823
3355145	374354
42510	10237
36694	80036
44446	8841
43517	3833
37517	8867
36759	29100
39882	746
37946	4702
42812	22826
32700	6193
38644	55031
40983	84321
43321	6204
41349	55471
32228	10606
36019	10607
35744	23030
43617	10617
37129	388662
38104	151473
36427	124590
33356	54438
34440	27079
53546	55687
39564	2263
40916	51733
36321	6205
35295	257068
34897	10247
3772007	10248
36546	1515
40754	4889
32604	5125
35954	8379
39950	27089
33045	55034
37413	27257
38243	404093
42518	10724
43081	8225
32822	22978
37580	6217
36576	6228
42619	10621
39267	157769
326208	79039
34109	23259
38173	22827
33824	2819
33927	28231
35679	4173
37563	7818
34374	51204
41030	200205
37118	84720
37018	131965
43673	1454
39311	146330
47408	51160
37227	51167
36908	10269
40056	51703
42580	403
35454	54700
35529	22937
39477	55052
35865	22979
43217	90522
31480	23409
43265	23428
31377	55066
32764	9481
37069	26147
192507	84656
32217	134957
36233	23474
42106	65263
40815	90701
33259	10898
42078	23583
32395	64432
3355072	51479
35788	8106
34762	51495
38784	1622
32607	51497
41708	25764
34781	118924
53435	51503
43749	8239
33837	5927
34241	124808
41938	94056
34433	10273
39858	51719
33501	27175
44297	2191
41965	10284
42563	30834
35921	9652
326203	25809
42171	9670
33308	25822
41189	9675
47173	4199
32047	5704
43180	51236
39875	23589
37927	10948
46080	10952
39835	111
3885640	54921
39254	7353
36794	8314
45826	1654
42551	339487
40296	51112
7354399	10285
43348	10286
37233	5747
42048	10291
326135	10296
41804	9688
43449	5707
43739	654364
42735	23527
40174	5708
35176	5709
39810	55088
42062	9817
37894	5713
42935	9736
41536	6319
33230	9742
41672	5715
36743	55093
36638	5717
40717	5718
33518	6301
42199	6993
34010	7475
36277	9491
35940	10981
42587	10989
36820	23759
41960	79774
43433	51547
34427	10945
38026	23788
37861	11041
37751	25816
43728	54487
34323	64745
33035	8924
37294	159963
43574	92014
37778	655
42936	9070
43230	8404
43229	94239
39437	54758
36248	11182
35897	54808
40506	375
36131	9781
42802	5719
37886	863
37768	55100
32274	10197
38344	55102
40242	22944
41951	124512
35268	51634
33973	8089
35414	8100
41318	50808
192476	4538
64874	1939
35124	64755
42368	28227
40693	9112
31342	9114
39955	9128
40172	9129
43347	9130
40529	55696
36860	55711
38181	9921
40140	22878
38059	5775
45278	5781
252479	22982
38655	139596
42371	55114
39133	3093
36562	55254
33471	3094
32115	5787
38821	55122
32133	3309
40507	221078
53434	23078
53436	727957
33178	150962
41733	92935
32677	10641
32009	10642
31706	10652
41957	208
35255	10654
36073	6096
33981	6612
39260	203054
34149	6207
42439	6731
38045	27044
34679	10560
40559	64779
40640	64781
33184	64786
3346176	9136
41549	154
36533	9145
43018	9147
39759	1182
43350	57678
35309	79823
39294	131118
38539	9293
34014	55130
34045	135228
42669	55133
33865	55135
31176	4234
41830	23383
34721	54512
36123	55250
38517	130814
36547	10667
32221	1452
43241	27075
42895	431705
38611	11127
38232	11140
40359	25837
36614	2131
50438	84326
39645	1503
34429	29105
41026	54498
37161	222537
40551	123041
45233	10487
32992	5825
40443	5832
34716	5833
32120	5261
33386	5837
41074	56270
39385	392
35184	8022
35195	10671
37372	11157
36911	27124
3772179	52
45928	1759
39175	8260
36593	64847
42737	6469
38364	256356
43490	9184
32789	3028
35194	4677
32778	119548
40240	2107
39876	9197
43798	4720
318872	23074
326193	84920
43577	5888
38538	144233
43127	975
35925	55153
39995	977
32013	25796
33777	51004
31533	10586
42830	6223
42464	6224
34441	27229
251645	27230
40711	28960
33264	11193
31052	8318
35288	11200
32240	80308
53556	27252
43841	23025
43007	2159
40074	27037
32662	29093
32397	11136
32094	79876
35287	23397
31332	5898
38244	5906
31090	353116
36368	1394
38600	112858
32569	5921
32742	1662
31198	387700
39502	25886
32602	11338
35098	6231
49090	6262
32078	1857
31017	54549
40020	6752
35052	54557
40261	29088
33772	29090
